Name,Rating,Region,Year
1950 Chateau Lafite Rothschild,91 ,"Pauillac, France",1950
1950 Chateau Ducru-Beaucaillou,0,"Saint-Julien, France",1950
Chateau Mouton Rothschild,96 ,"Pauillac, France",1950
Chateau Lafite Rothschild,95 ,"Pauillac, France",1950
Petrus,96 ,"Pomerol, France",1950
Chateau Margaux,96 ,"Margaux, France",1950
Chateau Latour,96 ,"Pauillac, France",1950
Chateau Haut-Brion,96 ,"Pessac-Leognan, France",1950
Chateau d'Yquem,96 ,"Sauternes, France",1950
Chateau Pontet-Canet,95 ,"Pauillac, France",1950
Chateau Lynch-Bages,93 ,"Pauillac, France",1950
Chateau Cheval Blanc,95 ,"Saint-Emilion Grand Cru, France",1950
Chateau Pichon Longueville Comtesse de Lalande,94 ,"Pauillac, France",1950
Chateau Mouton Rothschild,96 ,"Pauillac, France",1951
Chateau Lafite Rothschild,95 ,"Pauillac, France",1951
Chateau Latour,96 ,"Pauillac, France",1951
Chateau Pontet-Canet,95 ,"Pauillac, France",1951
Chateau Lynch-Bages,93 ,"Pauillac, France",1951
Chateau Pichon Longueville Comtesse de Lalande,94 ,"Pauillac, France",1951
Chateau Pichon-Longueville au Baron de Pichon-Longueville,94 ,"Pauillac, France",1951
Chateau Grand-Puy-Lacoste,92 ,"Pauillac, France",1951
Chateau Lafite Rothschild 'Carruades de Lafite',91 ,"Pauillac, France",1951
Chateau Duhart-Milon,91 ,"Pauillac, France",1951
Baron Philippe de Rothschild Chateau d'Armailhac,91 ,"Pauillac, France",1951
Chateau Mouton Rothschild,96 ,"Pauillac, France",1952
Chateau Lafite Rothschild,95 ,"Pauillac, France",1952
Chateau Latour,96 ,"Pauillac, France",1952
Chateau Pontet-Canet,95 ,"Pauillac, France",1952
Chateau Lynch-Bages,93 ,"Pauillac, France",1952
Chateau Pichon Longueville Comtesse de Lalande,94 ,"Pauillac, France",1952
Chateau Pichon-Longueville au Baron de Pichon-Longueville,94 ,"Pauillac, France",1952
Chateau Grand-Puy-Lacoste,92 ,"Pauillac, France",1952
Chateau Lafite Rothschild 'Carruades de Lafite',91 ,"Pauillac, France",1952
Chateau Duhart-Milon,91 ,"Pauillac, France",1952
Baron Philippe de Rothschild Chateau d'Armailhac,91 ,"Pauillac, France",1952
1953 Chateau Mouton Rothschild,93 ,"Pauillac, France",1953
1953 Chateau Lafite Rothschild,97 ,"Pauillac, France",1953
1953 Chateau Latour,90 ,"Pauillac, France",1953
1953 Chateau Pichon Longueville Comtesse de Lalande,92 ,"Pauillac, France",1953
1953 Chateau Pichon-Longueville au Baron de Pichon-Longueville,92 ,"Pauillac, France",1953
1953 Baron Philippe de Rothschild Chateau d'Armailhac,0,"Pauillac, France",1953
1953 Baron Philippe de Rothschild La Bergerie 'Mouton Cadet',0,"Pauillac, France",1953
Chateau Mouton Rothschild,96 ,"Pauillac, France",1953
Chateau Lafite Rothschild,95 ,"Pauillac, France",1953
Chateau Latour,96 ,"Pauillac, France",1953
Chateau Pontet-Canet,95 ,"Pauillac, France",1953
Chateau Lynch-Bages,93 ,"Pauillac, France",1953
Chateau Pichon Longueville Comtesse de Lalande,94 ,"Pauillac, France",1953
Chateau Pichon-Longueville au Baron de Pichon-Longueville,94 ,"Pauillac, France",1953
Chateau Grand-Puy-Lacoste,92 ,"Pauillac, France",1953
Chateau Lafite Rothschild 'Carruades de Lafite',91 ,"Pauillac, France",1953
Chateau Duhart-Milon,91 ,"Pauillac, France",1953
Baron Philippe de Rothschild Chateau d'Armailhac,91 ,"Pauillac, France",1953
Chateau Mouton Rothschild,96 ,"Pauillac, France",1954
Chateau Lafite Rothschild,95 ,"Pauillac, France",1954
Chateau Latour,96 ,"Pauillac, France",1954
Chateau Pontet-Canet,95 ,"Pauillac, France",1954
Chateau Lynch-Bages,93 ,"Pauillac, France",1954
Chateau Pichon Longueville Comtesse de Lalande,94 ,"Pauillac, France",1954
Chateau Pichon-Longueville au Baron de Pichon-Longueville,94 ,"Pauillac, France",1954
Chateau Grand-Puy-Lacoste,92 ,"Pauillac, France",1954
Chateau Lafite Rothschild 'Carruades de Lafite',91 ,"Pauillac, France",1954
Chateau Duhart-Milon,91 ,"Pauillac, France",1954
Baron Philippe de Rothschild Chateau d'Armailhac,91 ,"Pauillac, France",1954
1955 Chateau Mouton Rothschild,96 ,"Pauillac, France",1955
1955 Chateau Lafite Rothschild,93 ,"Pauillac, France",1955
1955 Chateau Pichon Longueville Comtesse de Lalande,88 ,"Pauillac, France",1955
1955 Chateau Duhart-Milon,0,"Pauillac, France",1955
1955 Chateau Grand-Puy Ducasse,0,"Pauillac, France",1955
Chateau Mouton Rothschild,96 ,"Pauillac, France",1955
Chateau Lafite Rothschild,95 ,"Pauillac, France",1955
Chateau Latour,96 ,"Pauillac, France",1955
Chateau Pontet-Canet,95 ,"Pauillac, France",1955
Chateau Lynch-Bages,93 ,"Pauillac, France",1955
Chateau Pichon Longueville Comtesse de Lalande,94 ,"Pauillac, France",1955
Chateau Pichon-Longueville au Baron de Pichon-Longueville,94 ,"Pauillac, France",1955
Chateau Grand-Puy-Lacoste,92 ,"Pauillac, France",1955
Chateau Lafite Rothschild 'Carruades de Lafite',91 ,"Pauillac, France",1955
Chateau Duhart-Milon,91 ,"Pauillac, France",1955
Baron Philippe de Rothschild Chateau d'Armailhac,91 ,"Pauillac, France",1955
Chateau Mouton Rothschild,96 ,"Pauillac, France",1956
Chateau Lafite Rothschild,95 ,"Pauillac, France",1956
Chateau Latour,96 ,"Pauillac, France",1956
Chateau Pontet-Canet,95 ,"Pauillac, France",1956
Chateau Lynch-Bages,93 ,"Pauillac, France",1956
Chateau Pichon Longueville Comtesse de Lalande,94 ,"Pauillac, France",1956
Chateau Pichon-Longueville au Baron de Pichon-Longueville,94 ,"Pauillac, France",1956
Chateau Grand-Puy-Lacoste,92 ,"Pauillac, France",1956
Chateau Lafite Rothschild 'Carruades de Lafite',91 ,"Pauillac, France",1956
Chateau Duhart-Milon,91 ,"Pauillac, France",1956
Baron Philippe de Rothschild Chateau d'Armailhac,91 ,"Pauillac, France",1956
1957 Chateau Pedesclaux,0,"Pauillac, France",1957
Chateau Mouton Rothschild,96 ,"Pauillac, France",1957
Chateau Lafite Rothschild,95 ,"Pauillac, France",1957
Chateau Latour,96 ,"Pauillac, France",1957
Chateau Pontet-Canet,95 ,"Pauillac, France",1957
Chateau Lynch-Bages,93 ,"Pauillac, France",1957
Chateau Pichon Longueville Comtesse de Lalande,94 ,"Pauillac, France",1957
Chateau Pichon-Longueville au Baron de Pichon-Longueville,94 ,"Pauillac, France",1957
Chateau Grand-Puy-Lacoste,92 ,"Pauillac, France",1957
Chateau Lafite Rothschild 'Carruades de Lafite',91 ,"Pauillac, France",1957
Chateau Duhart-Milon,91 ,"Pauillac, France",1957
Baron Philippe de Rothschild Chateau d'Armailhac,91 ,"Pauillac, France",1957
Chateau Mouton Rothschild,96 ,"Pauillac, France",1958
Chateau Lafite Rothschild,95 ,"Pauillac, France",1958
Chateau Latour,96 ,"Pauillac, France",1958
Chateau Pontet-Canet,95 ,"Pauillac, France",1958
Chateau Lynch-Bages,93 ,"Pauillac, France",1958
Chateau Pichon Longueville Comtesse de Lalande,94 ,"Pauillac, France",1958
Chateau Pichon-Longueville au Baron de Pichon-Longueville,94 ,"Pauillac, France",1958
Chateau Grand-Puy-Lacoste,92 ,"Pauillac, France",1958
Chateau Lafite Rothschild 'Carruades de Lafite',91 ,"Pauillac, France",1958
Chateau Duhart-Milon,91 ,"Pauillac, France",1958
Baron Philippe de Rothschild Chateau d'Armailhac,91 ,"Pauillac, France",1958
Chateau Mouton Rothschild,96 ,"Pauillac, France",1959
Chateau Lafite Rothschild,95 ,"Pauillac, France",1959
Chateau Latour,96 ,"Pauillac, France",1959
Chateau Pontet-Canet,95 ,"Pauillac, France",1959
Chateau Lynch-Bages,93 ,"Pauillac, France",1959
Chateau Pichon Longueville Comtesse de Lalande,94 ,"Pauillac, France",1959
Chateau Pichon-Longueville au Baron de Pichon-Longueville,94 ,"Pauillac, France",1959
Chateau Grand-Puy-Lacoste,92 ,"Pauillac, France",1959
Chateau Lafite Rothschild 'Carruades de Lafite',91 ,"Pauillac, France",1959
Chateau Duhart-Milon,91 ,"Pauillac, France",1959
Baron Philippe de Rothschild Chateau d'Armailhac,91 ,"Pauillac, France",1959
1960 Chateau Lafite Rothschild,85 ,"Pauillac, France",1960
Chateau Mouton Rothschild,96 ,"Pauillac, France",1960
Chateau Lafite Rothschild,95 ,"Pauillac, France",1960
Chateau Latour,96 ,"Pauillac, France",1960
Chateau Pontet-Canet,95 ,"Pauillac, France",1960
Chateau Lynch-Bages,93 ,"Pauillac, France",1960
Chateau Pichon Longueville Comtesse de Lalande,94 ,"Pauillac, France",1960
Chateau Pichon-Longueville au Baron de Pichon-Longueville,94 ,"Pauillac, France",1960
Chateau Grand-Puy-Lacoste,92 ,"Pauillac, France",1960
Chateau Lafite Rothschild 'Carruades de Lafite',91 ,"Pauillac, France",1960
Chateau Duhart-Milon,91 ,"Pauillac, France",1960
Baron Philippe de Rothschild Chateau d'Armailhac,91 ,"Pauillac, France",1960
1961 Chateau Lafite Rothschild,93 ,"Pauillac, France",1961
1961 Baron Philippe de Rothschild Chateau d'Armailhac,90 ,"Pauillac, France",1961
Chateau Mouton Rothschild,96 ,"Pauillac, France",1961
Chateau Lafite Rothschild,95 ,"Pauillac, France",1961
Chateau Latour,96 ,"Pauillac, France",1961
Chateau Pontet-Canet,95 ,"Pauillac, France",1961
Chateau Lynch-Bages,93 ,"Pauillac, France",1961
Chateau Pichon Longueville Comtesse de Lalande,94 ,"Pauillac, France",1961
Chateau Pichon-Longueville au Baron de Pichon-Longueville,94 ,"Pauillac, France",1961
Chateau Grand-Puy-Lacoste,92 ,"Pauillac, France",1961
Chateau Lafite Rothschild 'Carruades de Lafite',91 ,"Pauillac, France",1961
Chateau Duhart-Milon,91 ,"Pauillac, France",1961
Baron Philippe de Rothschild Chateau d'Armailhac,91 ,"Pauillac, France",1961
Chateau Mouton Rothschild,96 ,"Pauillac, France",1962
Chateau Lafite Rothschild,95 ,"Pauillac, France",1962
Chateau Latour,96 ,"Pauillac, France",1962
Chateau Pontet-Canet,95 ,"Pauillac, France",1962
Chateau Lynch-Bages,93 ,"Pauillac, France",1962
Chateau Pichon Longueville Comtesse de Lalande,94 ,"Pauillac, France",1962
Chateau Pichon-Longueville au Baron de Pichon-Longueville,94 ,"Pauillac, France",1962
Chateau Grand-Puy-Lacoste,92 ,"Pauillac, France",1962
Chateau Lafite Rothschild 'Carruades de Lafite',91 ,"Pauillac, France",1962
Chateau Duhart-Milon,91 ,"Pauillac, France",1962
Baron Philippe de Rothschild Chateau d'Armailhac,91 ,"Pauillac, France",1962
1963 Chateau Mouton Rothschild,68 ,"Pauillac, France",1963
1963 Chateau Lafite Rothschild,0,"Pauillac, France",1963
1963 Chateau Latour,92 ,"Pauillac, France",1963
1963 Chateau Haut-Batailley,0,"Pauillac, France",1963
Chateau Mouton Rothschild,96 ,"Pauillac, France",1963
Chateau Lafite Rothschild,95 ,"Pauillac, France",1963
Chateau Latour,96 ,"Pauillac, France",1963
Chateau Pontet-Canet,95 ,"Pauillac, France",1963
Chateau Lynch-Bages,93 ,"Pauillac, France",1963
Chateau Pichon Longueville Comtesse de Lalande,94 ,"Pauillac, France",1963
Chateau Pichon-Longueville au Baron de Pichon-Longueville,94 ,"Pauillac, France",1963
Chateau Grand-Puy-Lacoste,92 ,"Pauillac, France",1963
Chateau Lafite Rothschild 'Carruades de Lafite',91 ,"Pauillac, France",1963
Chateau Duhart-Milon,91 ,"Pauillac, France",1963
Baron Philippe de Rothschild Chateau d'Armailhac,91 ,"Pauillac, France",1963
1964 Chateau Mouton Rothschild,87 ,"Pauillac, France",1964
1964 Chateau Lafite Rothschild,90 ,"Pauillac, France",1964
1964 Chateau Pontet-Canet,88 ,"Pauillac, France",1964
1964 Chateau Pichon Longueville Comtesse de Lalande,88 ,"Pauillac, France",1964
1964 Chateau Grand-Puy-Lacoste,89 ,"Pauillac, France",1964
1964 Chateau Croizet-Bages,75 ,"Pauillac, France",1964
Chateau Mouton Rothschild,96 ,"Pauillac, France",1964
Chateau Lafite Rothschild,95 ,"Pauillac, France",1964
Chateau Latour,96 ,"Pauillac, France",1964
Chateau Pontet-Canet,95 ,"Pauillac, France",1964
Chateau Lynch-Bages,93 ,"Pauillac, France",1964
Chateau Pichon Longueville Comtesse de Lalande,94 ,"Pauillac, France",1964
Chateau Pichon-Longueville au Baron de Pichon-Longueville,94 ,"Pauillac, France",1964
Chateau Grand-Puy-Lacoste,92 ,"Pauillac, France",1964
Chateau Lafite Rothschild 'Carruades de Lafite',91 ,"Pauillac, France",1964
Chateau Duhart-Milon,91 ,"Pauillac, France",1964
Baron Philippe de Rothschild Chateau d'Armailhac,91 ,"Pauillac, France",1964
1965 Chateau Mouton Rothschild,76 ,"Pauillac, France",1965
1965 Chateau Lafite Rothschild,81 ,"Pauillac, France",1965
1965 Chateau Latour,93 ,"Pauillac, France",1965
1965 Chateau Pichon Longueville Comtesse de Lalande,0,"Pauillac, France",1965
Chateau Mouton Rothschild,96 ,"Pauillac, France",1965
Chateau Lafite Rothschild,95 ,"Pauillac, France",1965
Chateau Latour,96 ,"Pauillac, France",1965
Chateau Pontet-Canet,95 ,"Pauillac, France",1965
Chateau Lynch-Bages,93 ,"Pauillac, France",1965
Chateau Pichon Longueville Comtesse de Lalande,94 ,"Pauillac, France",1965
Chateau Pichon-Longueville au Baron de Pichon-Longueville,94 ,"Pauillac, France",1965
Chateau Grand-Puy-Lacoste,92 ,"Pauillac, France",1965
Chateau Lafite Rothschild 'Carruades de Lafite',91 ,"Pauillac, France",1965
Chateau Duhart-Milon,91 ,"Pauillac, France",1965
Baron Philippe de Rothschild Chateau d'Armailhac,91 ,"Pauillac, France",1965
Chateau Mouton Rothschild,96 ,"Pauillac, France",1966
Chateau Lafite Rothschild,95 ,"Pauillac, France",1966
Chateau Latour,96 ,"Pauillac, France",1966
Chateau Pontet-Canet,95 ,"Pauillac, France",1966
Chateau Lynch-Bages,93 ,"Pauillac, France",1966
Chateau Pichon Longueville Comtesse de Lalande,94 ,"Pauillac, France",1966
Chateau Pichon-Longueville au Baron de Pichon-Longueville,94 ,"Pauillac, France",1966
Chateau Grand-Puy-Lacoste,92 ,"Pauillac, France",1966
Chateau Lafite Rothschild 'Carruades de Lafite',91 ,"Pauillac, France",1966
Chateau Duhart-Milon,91 ,"Pauillac, France",1966
Baron Philippe de Rothschild Chateau d'Armailhac,91 ,"Pauillac, France",1966
Chateau Mouton Rothschild,96 ,"Pauillac, France",1967
Chateau Lafite Rothschild,95 ,"Pauillac, France",1967
Chateau Latour,96 ,"Pauillac, France",1967
Chateau Pontet-Canet,95 ,"Pauillac, France",1967
Chateau Lynch-Bages,93 ,"Pauillac, France",1967
Chateau Pichon Longueville Comtesse de Lalande,94 ,"Pauillac, France",1967
Chateau Pichon-Longueville au Baron de Pichon-Longueville,94 ,"Pauillac, France",1967
Chateau Grand-Puy-Lacoste,92 ,"Pauillac, France",1967
Chateau Lafite Rothschild 'Carruades de Lafite',91 ,"Pauillac, France",1967
Chateau Duhart-Milon,91 ,"Pauillac, France",1967
Baron Philippe de Rothschild Chateau d'Armailhac,91 ,"Pauillac, France",1967
Chateau Mouton Rothschild,96 ,"Pauillac, France",1968
Chateau Lafite Rothschild,95 ,"Pauillac, France",1968
Chateau Latour,96 ,"Pauillac, France",1968
Chateau Pontet-Canet,95 ,"Pauillac, France",1968
Chateau Lynch-Bages,93 ,"Pauillac, France",1968
Chateau Pichon Longueville Comtesse de Lalande,94 ,"Pauillac, France",1968
Chateau Pichon-Longueville au Baron de Pichon-Longueville,94 ,"Pauillac, France",1968
Chateau Grand-Puy-Lacoste,92 ,"Pauillac, France",1968
Chateau Lafite Rothschild 'Carruades de Lafite',91 ,"Pauillac, France",1968
Chateau Duhart-Milon,91 ,"Pauillac, France",1968
Baron Philippe de Rothschild Chateau d'Armailhac,91 ,"Pauillac, France",1968
1969 Chateau Mouton Rothschild,81 ,"Pauillac, France",1969
1969 Chateau Lafite Rothschild,93 ,"Pauillac, France",1969
1969 Chateau Latour,88 ,"Pauillac, France",1969
1969 Chateau Lynch-Bages,0,"Pauillac, France",1969
1969 Chateau Pichon Longueville Comtesse de Lalande,0,"Pauillac, France",1969
1969 Chateau Grand-Puy-Lacoste,0,"Pauillac, France",1969
1969 Baron Philippe de Rothschild Chateau d'Armailhac,0,"Pauillac, France",1969
1969 Chateau Batailley Grand Cru,0,"Pauillac, France",1969
1969 Chateau Pibran,0,"Pauillac, France",1969
1969 Chateau La Becasse,0,"Pauillac, France",1969
Chateau Mouton Rothschild,96 ,"Pauillac, France",1969
Chateau Lafite Rothschild,95 ,"Pauillac, France",1969
Chateau Latour,96 ,"Pauillac, France",1969
Chateau Pontet-Canet,95 ,"Pauillac, France",1969
Chateau Lynch-Bages,93 ,"Pauillac, France",1969
Chateau Pichon Longueville Comtesse de Lalande,94 ,"Pauillac, France",1969
Chateau Pichon-Longueville au Baron de Pichon-Longueville,94 ,"Pauillac, France",1969
Chateau Grand-Puy-Lacoste,92 ,"Pauillac, France",1969
Chateau Lafite Rothschild 'Carruades de Lafite',91 ,"Pauillac, France",1969
Chateau Duhart-Milon,91 ,"Pauillac, France",1969
Baron Philippe de Rothschild Chateau d'Armailhac,91 ,"Pauillac, France",1969
1970 Chateau Mouton Rothschild,91 ,"Pauillac, France",1970
1970 Chateau Lafite Rothschild,87 ,"Pauillac, France",1970
1970 Chateau Latour,94 ,"Pauillac, France",1970
1970 Chateau Pontet-Canet,82 ,"Pauillac, France",1970
1970 Chateau Lynch-Bages,91 ,"Pauillac, France",1970
1970 Chateau Pichon Longueville Comtesse de Lalande,88 ,"Pauillac, France",1970
1970 Chateau Pichon-Longueville au Baron de Pichon-Longueville,90 ,"Pauillac, France",1970
1970 Chateau Grand-Puy-Lacoste,89 ,"Pauillac, France",1970
1970 Chateau Duhart-Milon,90 ,"Pauillac, France",1970
1970 Baron Philippe de Rothschild Chateau d'Armailhac,90 ,"Pauillac, France",1970
1970 Chateau Latour 'Les Forts de Latour',90 ,"Pauillac, France",1970
1970 Chateau Haut-Batailley,89 ,"Pauillac, France",1970
1970 Chateau Croizet-Bages,89 ,"Pauillac, France",1970
1970 Chateau Pibran,0,"Pauillac, France",1970
1970 Chateau Fonbadet,87 ,"Pauillac, France",1970
1970 Chateau La Rose Pauillac,0,"Pauillac, France",1970
1970 Baron Philippe de Rothschild Chateau La Fleur Milon,0,"Pauillac, France",1970
1970 Baron Philippe de Rothschild La Bergerie 'Grand Vin du Prelat',0,"Pauillac, France",1970
Chateau Mouton Rothschild,96 ,"Pauillac, France",1970
Chateau Lafite Rothschild,95 ,"Pauillac, France",1970
Chateau Latour,96 ,"Pauillac, France",1970
Chateau Pontet-Canet,95 ,"Pauillac, France",1970
Chateau Lynch-Bages,93 ,"Pauillac, France",1970
Chateau Pichon Longueville Comtesse de Lalande,94 ,"Pauillac, France",1970
Chateau Pichon-Longueville au Baron de Pichon-Longueville,94 ,"Pauillac, France",1970
Chateau Grand-Puy-Lacoste,92 ,"Pauillac, France",1970
Chateau Lafite Rothschild 'Carruades de Lafite',91 ,"Pauillac, France",1970
Chateau Duhart-Milon,91 ,"Pauillac, France",1970
Baron Philippe de Rothschild Chateau d'Armailhac,91 ,"Pauillac, France",1970
Chateau Mouton Rothschild,96 ,"Pauillac, France",1971
Chateau Lafite Rothschild,95 ,"Pauillac, France",1971
Chateau Latour,96 ,"Pauillac, France",1971
Chateau Pontet-Canet,95 ,"Pauillac, France",1971
Chateau Lynch-Bages,93 ,"Pauillac, France",1971
Chateau Pichon Longueville Comtesse de Lalande,94 ,"Pauillac, France",1971
Chateau Pichon-Longueville au Baron de Pichon-Longueville,94 ,"Pauillac, France",1971
Chateau Grand-Puy-Lacoste,92 ,"Pauillac, France",1971
Chateau Lafite Rothschild 'Carruades de Lafite',91 ,"Pauillac, France",1971
Chateau Duhart-Milon,91 ,"Pauillac, France",1971
Baron Philippe de Rothschild Chateau d'Armailhac,91 ,"Pauillac, France",1971
1972 Chateau Mouton Rothschild,77 ,"Pauillac, France",1972
1972 Chateau Lafite Rothschild,86 ,"Pauillac, France",1972
1972 Chateau Batailley Grand Cru,0,"Pauillac, France",1972
Chateau Mouton Rothschild,96 ,"Pauillac, France",1972
Chateau Lafite Rothschild,95 ,"Pauillac, France",1972
Chateau Latour,96 ,"Pauillac, France",1972
Chateau Pontet-Canet,95 ,"Pauillac, France",1972
Chateau Lynch-Bages,93 ,"Pauillac, France",1972
Chateau Pichon Longueville Comtesse de Lalande,94 ,"Pauillac, France",1972
Chateau Pichon-Longueville au Baron de Pichon-Longueville,94 ,"Pauillac, France",1972
Chateau Grand-Puy-Lacoste,92 ,"Pauillac, France",1972
Chateau Lafite Rothschild 'Carruades de Lafite',91 ,"Pauillac, France",1972
Chateau Duhart-Milon,91 ,"Pauillac, France",1972
Baron Philippe de Rothschild Chateau d'Armailhac,91 ,"Pauillac, France",1972
1973 Chateau Mouton Rothschild,82 ,"Pauillac, France",1973
1973 Chateau Lafite Rothschild,90 ,"Pauillac, France",1973
1973 Chateau Latour,91 ,"Pauillac, France",1973
1973 Chateau Lynch-Bages,84 ,"Pauillac, France",1973
1973 Chateau Pichon Longueville Comtesse de Lalande,87 ,"Pauillac, France",1973
1973 Chateau Pichon-Longueville au Baron de Pichon-Longueville,91 ,"Pauillac, France",1973
1973 Chateau Grand-Puy-Lacoste,0,"Pauillac, France",1973
1973 Chateau Duhart-Milon,89 ,"Pauillac, France",1973
1973 Chateau Latour 'Les Forts de Latour',88 ,"Pauillac, France",1973
1973 Chateau Clerc-Milon,0,"Pauillac, France",1973
1973 Chateau Pichon Longueville Comtesse de Lalande 'Pichon Comtesse Reserve',0,"Pauillac, France",1973
1973 Chateau Haut-Bages Liberal,0,"Pauillac, France",1973
1973 Chateau Grand-Puy Ducasse,0,"Pauillac, France",1973
1973 Chateau Croizet-Bages,0,"Pauillac, France",1973
1973 Chateau La Rose Pauillac,0,"Pauillac, France",1973
Chateau Mouton Rothschild,96 ,"Pauillac, France",1973
Chateau Lafite Rothschild,95 ,"Pauillac, France",1973
Chateau Latour,96 ,"Pauillac, France",1973
Chateau Pontet-Canet,95 ,"Pauillac, France",1973
Chateau Lynch-Bages,93 ,"Pauillac, France",1973
Chateau Pichon Longueville Comtesse de Lalande,94 ,"Pauillac, France",1973
Chateau Pichon-Longueville au Baron de Pichon-Longueville,94 ,"Pauillac, France",1973
Chateau Grand-Puy-Lacoste,92 ,"Pauillac, France",1973
Chateau Lafite Rothschild 'Carruades de Lafite',91 ,"Pauillac, France",1973
Chateau Duhart-Milon,91 ,"Pauillac, France",1973
Baron Philippe de Rothschild Chateau d'Armailhac,91 ,"Pauillac, France",1973
1974 Chateau Mouton Rothschild,86 ,"Pauillac, France",1974
1974 Chateau Lafite Rothschild,92 ,"Pauillac, France",1974
1974 Chateau Latour,94 ,"Pauillac, France",1974
1974 Chateau Pichon Longueville Comtesse de Lalande,0,"Pauillac, France",1974
1974 Chateau Lafite Rothschild 'Carruades de Lafite',0,"Pauillac, France",1974
1974 Baron Philippe de Rothschild Chateau d'Armailhac,0,"Pauillac, France",1974
1974 Chateau Clerc-Milon,0,"Pauillac, France",1974
Chateau Mouton Rothschild,96 ,"Pauillac, France",1974
Chateau Lafite Rothschild,95 ,"Pauillac, France",1974
Chateau Latour,96 ,"Pauillac, France",1974
Chateau Pontet-Canet,95 ,"Pauillac, France",1974
Chateau Lynch-Bages,93 ,"Pauillac, France",1974
Chateau Pichon Longueville Comtesse de Lalande,94 ,"Pauillac, France",1974
Chateau Pichon-Longueville au Baron de Pichon-Longueville,94 ,"Pauillac, France",1974
Chateau Grand-Puy-Lacoste,92 ,"Pauillac, France",1974
Chateau Lafite Rothschild 'Carruades de Lafite',91 ,"Pauillac, France",1974
Chateau Duhart-Milon,91 ,"Pauillac, France",1974
Baron Philippe de Rothschild Chateau d'Armailhac,91 ,"Pauillac, France",1974
1975 Chateau Mouton Rothschild,89 ,"Pauillac, France",1975
1975 Chateau Lafite Rothschild,91 ,"Pauillac, France",1975
1975 Chateau Latour,92 ,"Pauillac, France",1975
1975 Chateau Pontet-Canet,87 ,"Pauillac, France",1975
1975 Chateau Lynch-Bages,88 ,"Pauillac, France",1975
1975 Chateau Pichon Longueville Comtesse de Lalande,89 ,"Pauillac, France",1975
1975 Chateau Pichon-Longueville au Baron de Pichon-Longueville,90 ,"Pauillac, France",1975
1975 Chateau Grand-Puy-Lacoste,87 ,"Pauillac, France",1975
1975 Baron Philippe de Rothschild Chateau d'Armailhac,0,"Pauillac, France",1975
1975 Chateau Latour 'Les Forts de Latour',90 ,"Pauillac, France",1975
1975 Chateau Batailley Grand Cru,87 ,"Pauillac, France",1975
1975 Chateau Lynch-Moussas,0,"Pauillac, France",1975
1975 Chateau Haut-Batailley,89 ,"Pauillac, France",1975
1975 Chateau Haut-Bages Liberal,89 ,"Pauillac, France",1975
1975 Chateau Grand-Puy Ducasse,84 ,"Pauillac, France",1975
1975 Chateau Croizet-Bages,0,"Pauillac, France",1975
1975 Chateau Pibran,0,"Pauillac, France",1975
1975 Chateau La Rose Pauillac,0,"Pauillac, France",1975
Chateau Mouton Rothschild,96 ,"Pauillac, France",1975
Chateau Lafite Rothschild,95 ,"Pauillac, France",1975
Chateau Latour,96 ,"Pauillac, France",1975
Chateau Pontet-Canet,95 ,"Pauillac, France",1975
Chateau Lynch-Bages,93 ,"Pauillac, France",1975
Chateau Pichon Longueville Comtesse de Lalande,94 ,"Pauillac, France",1975
Chateau Pichon-Longueville au Baron de Pichon-Longueville,94 ,"Pauillac, France",1975
Chateau Grand-Puy-Lacoste,92 ,"Pauillac, France",1975
Chateau Lafite Rothschild 'Carruades de Lafite',91 ,"Pauillac, France",1975
Chateau Duhart-Milon,91 ,"Pauillac, France",1975
Baron Philippe de Rothschild Chateau d'Armailhac,91 ,"Pauillac, France",1975
Chateau Mouton Rothschild,96 ,"Pauillac, France",1976
Chateau Lafite Rothschild,95 ,"Pauillac, France",1976
Chateau Latour,96 ,"Pauillac, France",1976
Chateau Pontet-Canet,95 ,"Pauillac, France",1976
Chateau Lynch-Bages,93 ,"Pauillac, France",1976
Chateau Pichon Longueville Comtesse de Lalande,94 ,"Pauillac, France",1976
Chateau Pichon-Longueville au Baron de Pichon-Longueville,94 ,"Pauillac, France",1976
Chateau Grand-Puy-Lacoste,92 ,"Pauillac, France",1976
Chateau Lafite Rothschild 'Carruades de Lafite',91 ,"Pauillac, France",1976
Chateau Duhart-Milon,91 ,"Pauillac, France",1976
Baron Philippe de Rothschild Chateau d'Armailhac,91 ,"Pauillac, France",1976
1977 Chateau Mouton Rothschild,85 ,"Pauillac, France",1977
1977 Chateau Lafite Rothschild,91 ,"Pauillac, France",1977
1977 Chateau Latour,87 ,"Pauillac, France",1977
1977 Chateau Duhart-Milon,0,"Pauillac, France",1977
Chateau Mouton Rothschild,96 ,"Pauillac, France",1977
Chateau Lafite Rothschild,95 ,"Pauillac, France",1977
Chateau Latour,96 ,"Pauillac, France",1977
Chateau Pontet-Canet,95 ,"Pauillac, France",1977
Chateau Lynch-Bages,93 ,"Pauillac, France",1977
Chateau Pichon Longueville Comtesse de Lalande,94 ,"Pauillac, France",1977
Chateau Pichon-Longueville au Baron de Pichon-Longueville,94 ,"Pauillac, France",1977
Chateau Grand-Puy-Lacoste,92 ,"Pauillac, France",1977
Chateau Lafite Rothschild 'Carruades de Lafite',91 ,"Pauillac, France",1977
Chateau Duhart-Milon,91 ,"Pauillac, France",1977
Baron Philippe de Rothschild Chateau d'Armailhac,91 ,"Pauillac, France",1977
1978 Chateau Mouton Rothschild,88 ,"Pauillac, France",1978
1978 Chateau Latour,92 ,"Pauillac, France",1978
1978 Chateau Pontet-Canet,89 ,"Pauillac, France",1978
1978 Baron Philippe de Rothschild Chateau d'Armailhac,90 ,"Pauillac, France",1978
1978 Chateau Latour 'Les Forts de Latour',90 ,"Pauillac, France",1978
1978 Chateau Clerc-Milon,92 ,"Pauillac, France",1978
1978 Chateau Haut-Batailley,92 ,"Pauillac, France",1978
1978 Chateau Grand-Puy Ducasse,89 ,"Pauillac, France",1978
1978 Chateau Fonbadet,86 ,"Pauillac, France",1978
1978 Chateau Plantey,0,"Pauillac, France",1978
1978 Baron Philippe de Rothschild La Bergerie 'Grand Vin du Prelat',0,"Pauillac, France",1978
Chateau Mouton Rothschild,96 ,"Pauillac, France",1978
Chateau Lafite Rothschild,95 ,"Pauillac, France",1978
Chateau Latour,96 ,"Pauillac, France",1978
Chateau Pontet-Canet,95 ,"Pauillac, France",1978
Chateau Lynch-Bages,93 ,"Pauillac, France",1978
Chateau Pichon Longueville Comtesse de Lalande,94 ,"Pauillac, France",1978
Chateau Pichon-Longueville au Baron de Pichon-Longueville,94 ,"Pauillac, France",1978
Chateau Grand-Puy-Lacoste,92 ,"Pauillac, France",1978
Chateau Lafite Rothschild 'Carruades de Lafite',91 ,"Pauillac, France",1978
Chateau Duhart-Milon,91 ,"Pauillac, France",1978
Baron Philippe de Rothschild Chateau d'Armailhac,91 ,"Pauillac, France",1978
1979 Chateau Mouton Rothschild,84 ,"Pauillac, France",1979
1979 Chateau Lafite Rothschild,89 ,"Pauillac, France",1979
1979 Chateau Latour,89 ,"Pauillac, France",1979
1979 Chateau Pontet-Canet,89 ,"Pauillac, France",1979
1979 Chateau Lynch-Bages,80 ,"Pauillac, France",1979
1979 Chateau Pichon-Longueville au Baron de Pichon-Longueville,88 ,"Pauillac, France",1979
1979 Chateau Lafite Rothschild 'Carruades de Lafite',0,"Pauillac, France",1979
1979 Chateau Latour 'Les Forts de Latour',90 ,"Pauillac, France",1979
1979 Chateau Batailley Grand Cru,89 ,"Pauillac, France",1979
1979 Chateau Croizet-Bages,83 ,"Pauillac, France",1979
1979 Chateau Montgrand-Milon,0,"Pauillac, France",1979
Chateau Mouton Rothschild,96 ,"Pauillac, France",1979
Chateau Lafite Rothschild,95 ,"Pauillac, France",1979
Chateau Latour,96 ,"Pauillac, France",1979
Chateau Pontet-Canet,95 ,"Pauillac, France",1979
Chateau Lynch-Bages,93 ,"Pauillac, France",1979
Chateau Pichon Longueville Comtesse de Lalande,94 ,"Pauillac, France",1979
Chateau Pichon-Longueville au Baron de Pichon-Longueville,94 ,"Pauillac, France",1979
Chateau Grand-Puy-Lacoste,92 ,"Pauillac, France",1979
Chateau Lafite Rothschild 'Carruades de Lafite',91 ,"Pauillac, France",1979
Chateau Duhart-Milon,91 ,"Pauillac, France",1979
Baron Philippe de Rothschild Chateau d'Armailhac,91 ,"Pauillac, France",1979
Chateau Mouton Rothschild,96 ,"Pauillac, France",1980
Chateau Lafite Rothschild,95 ,"Pauillac, France",1980
Chateau Latour,96 ,"Pauillac, France",1980
Chateau Pontet-Canet,95 ,"Pauillac, France",1980
Chateau Lynch-Bages,93 ,"Pauillac, France",1980
Chateau Pichon Longueville Comtesse de Lalande,94 ,"Pauillac, France",1980
Chateau Pichon-Longueville au Baron de Pichon-Longueville,94 ,"Pauillac, France",1980
Chateau Grand-Puy-Lacoste,92 ,"Pauillac, France",1980
Chateau Lafite Rothschild 'Carruades de Lafite',91 ,"Pauillac, France",1980
Chateau Duhart-Milon,91 ,"Pauillac, France",1980
Baron Philippe de Rothschild Chateau d'Armailhac,91 ,"Pauillac, France",1980
Chateau Mouton Rothschild,96 ,"Pauillac, France",1981
Chateau Lafite Rothschild,95 ,"Pauillac, France",1981
Chateau Latour,96 ,"Pauillac, France",1981
Chateau Pontet-Canet,95 ,"Pauillac, France",1981
Chateau Lynch-Bages,93 ,"Pauillac, France",1981
Chateau Pichon Longueville Comtesse de Lalande,94 ,"Pauillac, France",1981
Chateau Pichon-Longueville au Baron de Pichon-Longueville,94 ,"Pauillac, France",1981
Chateau Grand-Puy-Lacoste,92 ,"Pauillac, France",1981
Chateau Lafite Rothschild 'Carruades de Lafite',91 ,"Pauillac, France",1981
Chateau Duhart-Milon,91 ,"Pauillac, France",1981
Baron Philippe de Rothschild Chateau d'Armailhac,91 ,"Pauillac, France",1981
1982 Chateau Mouton Rothschild,97 ,"Pauillac, France",1982
1982 Chateau Pichon Longueville Comtesse de Lalande,96 ,"Pauillac, France",1982
Chateau Mouton Rothschild,96 ,"Pauillac, France",1982
Chateau Lafite Rothschild,95 ,"Pauillac, France",1982
Chateau Latour,96 ,"Pauillac, France",1982
Chateau Pontet-Canet,95 ,"Pauillac, France",1982
Chateau Lynch-Bages,93 ,"Pauillac, France",1982
Chateau Pichon Longueville Comtesse de Lalande,94 ,"Pauillac, France",1982
Chateau Pichon-Longueville au Baron de Pichon-Longueville,94 ,"Pauillac, France",1982
Chateau Grand-Puy-Lacoste,92 ,"Pauillac, France",1982
Chateau Lafite Rothschild 'Carruades de Lafite',91 ,"Pauillac, France",1982
Chateau Duhart-Milon,91 ,"Pauillac, France",1982
Baron Philippe de Rothschild Chateau d'Armailhac,91 ,"Pauillac, France",1982
1983 Chateau Mouton Rothschild,91 ,"Pauillac, France",1983
1983 Chateau Lafite Rothschild,91 ,"Pauillac, France",1983
1983 Chateau Latour,90 ,"Pauillac, France",1983
1983 Chateau Lynch-Bages,88 ,"Pauillac, France",1983
1983 Chateau Pichon Longueville Comtesse de Lalande,92 ,"Pauillac, France",1983
1983 Chateau Pichon-Longueville au Baron de Pichon-Longueville,86 ,"Pauillac, France",1983
1983 Chateau Lafite Rothschild 'Carruades de Lafite',0,"Pauillac, France",1983
1983 Chateau Duhart-Milon,86 ,"Pauillac, France",1983
1983 Baron Philippe de Rothschild Chateau d'Armailhac,87 ,"Pauillac, France",1983
1983 Chateau Latour 'Les Forts de Latour',86 ,"Pauillac, France",1983
1983 Chateau Batailley Grand Cru,88 ,"Pauillac, France",1983
1983 Chateau Haut-Batailley,86 ,"Pauillac, France",1983
1983 Chateau Haut-Bages Liberal,88 ,"Pauillac, France",1983
1983 Chateau Grand-Puy Ducasse,0,"Pauillac, France",1983
1983 Chateau Pedesclaux,0,"Pauillac, France",1983
1983 Baron Philippe de Rothschild Chateau La Fleur Milon,0,"Pauillac, France",1983
Chateau Mouton Rothschild,96 ,"Pauillac, France",1983
Chateau Lafite Rothschild,95 ,"Pauillac, France",1983
Chateau Latour,96 ,"Pauillac, France",1983
Chateau Pontet-Canet,95 ,"Pauillac, France",1983
Chateau Lynch-Bages,93 ,"Pauillac, France",1983
Chateau Pichon Longueville Comtesse de Lalande,94 ,"Pauillac, France",1983
Chateau Pichon-Longueville au Baron de Pichon-Longueville,94 ,"Pauillac, France",1983
Chateau Grand-Puy-Lacoste,92 ,"Pauillac, France",1983
Chateau Lafite Rothschild 'Carruades de Lafite',91 ,"Pauillac, France",1983
Chateau Duhart-Milon,91 ,"Pauillac, France",1983
Baron Philippe de Rothschild Chateau d'Armailhac,91 ,"Pauillac, France",1983
1984 Chateau Mouton Rothschild,87 ,"Pauillac, France",1984
1984 Chateau Lafite Rothschild,87 ,"Pauillac, France",1984
1984 Chateau Latour,86 ,"Pauillac, France",1984
1984 Chateau Lynch-Bages,85 ,"Pauillac, France",1984
1984 Chateau Pichon Longueville Comtesse de Lalande,87 ,"Pauillac, France",1984
1984 Chateau Pichon-Longueville au Baron de Pichon-Longueville,87 ,"Pauillac, France",1984
1984 Chateau Grand-Puy-Lacoste,85 ,"Pauillac, France",1984
1984 Chateau Duhart-Milon,89 ,"Pauillac, France",1984
1984 Chateau Latour 'Les Forts de Latour',0,"Pauillac, France",1984
1984 Chateau Clerc-Milon,0,"Pauillac, France",1984
1984 Chateau Batailley Grand Cru,0,"Pauillac, France",1984
1984 Chateau Haut-Bages Liberal,0,"Pauillac, France",1984
1984 Chateau Pedesclaux,0,"Pauillac, France",1984
1984 Echo de Lynch Bages Chateau Haut-Bages Averous,0,"Pauillac, France",1984
1984 Chateau Grand-Puy-Lacoste 'Lacoste-Borie',0,"Pauillac, France",1984
1984 Chateau Pibran,0,"Pauillac, France",1984
Chateau Mouton Rothschild,96 ,"Pauillac, France",1984
Chateau Lafite Rothschild,95 ,"Pauillac, France",1984
Chateau Latour,96 ,"Pauillac, France",1984
Chateau Pontet-Canet,95 ,"Pauillac, France",1984
Chateau Lynch-Bages,93 ,"Pauillac, France",1984
Chateau Pichon Longueville Comtesse de Lalande,94 ,"Pauillac, France",1984
Chateau Pichon-Longueville au Baron de Pichon-Longueville,94 ,"Pauillac, France",1984
Chateau Grand-Puy-Lacoste,92 ,"Pauillac, France",1984
Chateau Lafite Rothschild 'Carruades de Lafite',91 ,"Pauillac, France",1984
Chateau Duhart-Milon,91 ,"Pauillac, France",1984
Baron Philippe de Rothschild Chateau d'Armailhac,91 ,"Pauillac, France",1984
1985 Chateau Lafite Rothschild,92 ,"Pauillac, France",1985
Chateau Mouton Rothschild,96 ,"Pauillac, France",1985
Chateau Lafite Rothschild,95 ,"Pauillac, France",1985
Chateau Latour,96 ,"Pauillac, France",1985
Chateau Pontet-Canet,95 ,"Pauillac, France",1985
Chateau Lynch-Bages,93 ,"Pauillac, France",1985
Chateau Pichon Longueville Comtesse de Lalande,94 ,"Pauillac, France",1985
Chateau Pichon-Longueville au Baron de Pichon-Longueville,94 ,"Pauillac, France",1985
Chateau Grand-Puy-Lacoste,92 ,"Pauillac, France",1985
Chateau Lafite Rothschild 'Carruades de Lafite',91 ,"Pauillac, France",1985
Chateau Duhart-Milon,91 ,"Pauillac, France",1985
Baron Philippe de Rothschild Chateau d'Armailhac,91 ,"Pauillac, France",1985
Chateau Mouton Rothschild,96 ,"Pauillac, France",1986
Chateau Lafite Rothschild,95 ,"Pauillac, France",1986
Chateau Latour,96 ,"Pauillac, France",1986
Chateau Pontet-Canet,95 ,"Pauillac, France",1986
Chateau Lynch-Bages,93 ,"Pauillac, France",1986
Chateau Pichon Longueville Comtesse de Lalande,94 ,"Pauillac, France",1986
Chateau Pichon-Longueville au Baron de Pichon-Longueville,94 ,"Pauillac, France",1986
Chateau Grand-Puy-Lacoste,92 ,"Pauillac, France",1986
Chateau Lafite Rothschild 'Carruades de Lafite',91 ,"Pauillac, France",1986
Chateau Duhart-Milon,91 ,"Pauillac, France",1986
Baron Philippe de Rothschild Chateau d'Armailhac,91 ,"Pauillac, France",1986
1987 Chateau Mouton Rothschild,89 ,"Pauillac, France",1987
Chateau Mouton Rothschild,96 ,"Pauillac, France",1987
Chateau Lafite Rothschild,95 ,"Pauillac, France",1987
Chateau Latour,96 ,"Pauillac, France",1987
Chateau Pontet-Canet,95 ,"Pauillac, France",1987
Chateau Lynch-Bages,93 ,"Pauillac, France",1987
Chateau Pichon Longueville Comtesse de Lalande,94 ,"Pauillac, France",1987
Chateau Pichon-Longueville au Baron de Pichon-Longueville,94 ,"Pauillac, France",1987
Chateau Grand-Puy-Lacoste,92 ,"Pauillac, France",1987
Chateau Lafite Rothschild 'Carruades de Lafite',91 ,"Pauillac, France",1987
Chateau Duhart-Milon,91 ,"Pauillac, France",1987
Baron Philippe de Rothschild Chateau d'Armailhac,91 ,"Pauillac, France",1987
1988 Chateau Mouton Rothschild,91 ,"Pauillac, France",1988
1988 Chateau Lafite Rothschild,94 ,"Pauillac, France",1988
1988 Chateau Latour,92 ,"Pauillac, France",1988
1988 Chateau Lynch-Bages,91 ,"Pauillac, France",1988
1988 Chateau Pichon Longueville Comtesse de Lalande,91 ,"Pauillac, France",1988
1988 Chateau Pichon-Longueville au Baron de Pichon-Longueville,90 ,"Pauillac, France",1988
1988 Chateau Lafite Rothschild 'Carruades de Lafite',88 ,"Pauillac, France",1988
1988 Chateau Duhart-Milon,87 ,"Pauillac, France",1988
1988 Chateau Batailley Grand Cru,87 ,"Pauillac, France",1988
1988 Chateau Pichon Longueville Comtesse de Lalande 'Pichon Comtesse Reserve',88 ,"Pauillac, France",1988
1988 Chateau Lynch-Moussas,80 ,"Pauillac, France",1988
1988 Chateau Haut-Batailley,86 ,"Pauillac, France",1988
1988 Chateau Grand-Puy-Lacoste 'Lacoste-Borie',0,"Pauillac, France",1988
1988 Chateau Croizet-Bages,74 ,"Pauillac, France",1988
Chateau Mouton Rothschild,96 ,"Pauillac, France",1988
Chateau Lafite Rothschild,95 ,"Pauillac, France",1988
Chateau Latour,96 ,"Pauillac, France",1988
Chateau Pontet-Canet,95 ,"Pauillac, France",1988
Chateau Lynch-Bages,93 ,"Pauillac, France",1988
Chateau Pichon Longueville Comtesse de Lalande,94 ,"Pauillac, France",1988
Chateau Pichon-Longueville au Baron de Pichon-Longueville,94 ,"Pauillac, France",1988
Chateau Grand-Puy-Lacoste,92 ,"Pauillac, France",1988
Chateau Lafite Rothschild 'Carruades de Lafite',91 ,"Pauillac, France",1988
Chateau Duhart-Milon,91 ,"Pauillac, France",1988
Baron Philippe de Rothschild Chateau d'Armailhac,91 ,"Pauillac, France",1988
Chateau Mouton Rothschild,96 ,"Pauillac, France",1989
Chateau Lafite Rothschild,95 ,"Pauillac, France",1989
Chateau Latour,96 ,"Pauillac, France",1989
Chateau Pontet-Canet,95 ,"Pauillac, France",1989
Chateau Lynch-Bages,93 ,"Pauillac, France",1989
Chateau Pichon Longueville Comtesse de Lalande,94 ,"Pauillac, France",1989
Chateau Pichon-Longueville au Baron de Pichon-Longueville,94 ,"Pauillac, France",1989
Chateau Grand-Puy-Lacoste,92 ,"Pauillac, France",1989
Chateau Lafite Rothschild 'Carruades de Lafite',91 ,"Pauillac, France",1989
Chateau Duhart-Milon,91 ,"Pauillac, France",1989
Baron Philippe de Rothschild Chateau d'Armailhac,91 ,"Pauillac, France",1989
1990 Chateau Mouton Rothschild,90 ,"Pauillac, France",1990
1990 Chateau Lafite Rothschild,94 ,"Pauillac, France",1990
1990 Chateau Latour,97 ,"Pauillac, France",1990
1990 Chateau Pontet-Canet,88 ,"Pauillac, France",1990
1990 Chateau Lynch-Bages,94 ,"Pauillac, France",1990
1990 Chateau Pichon Longueville Comtesse de Lalande,89 ,"Pauillac, France",1990
1990 Chateau Pichon-Longueville au Baron de Pichon-Longueville,95 ,"Pauillac, France",1990
1990 Chateau Grand-Puy-Lacoste,93 ,"Pauillac, France",1990
1990 Chateau Lafite Rothschild 'Carruades de Lafite',87 ,"Pauillac, France",1990
1990 Chateau Duhart-Milon,89 ,"Pauillac, France",1990
1990 Baron Philippe de Rothschild Chateau d'Armailhac,87 ,"Pauillac, France",1990
1990 Chateau Latour 'Les Forts de Latour',90 ,"Pauillac, France",1990
1990 Chateau Clerc-Milon,89 ,"Pauillac, France",1990
1990 Chateau Batailley Grand Cru,89 ,"Pauillac, France",1990
1990 Chateau Latour Le Pauillac de Latour,0,"Pauillac, France",1990
1990 Chateau Haut-Bages Liberal,88 ,"Pauillac, France",1990
1990 Chateau Grand-Puy Ducasse,86 ,"Pauillac, France",1990
1990 Domaines Barons de Rothschild Lafite Collection Reserve Speciale Pauillac,0,France,1990
1990 Chateau Duhart-Milon 'Moulin de Duhart',75 ,"Pauillac, France",1990
Chateau Mouton Rothschild,96 ,"Pauillac, France",1990
Chateau Lafite Rothschild,95 ,"Pauillac, France",1990
Chateau Latour,96 ,"Pauillac, France",1990
Chateau Pontet-Canet,95 ,"Pauillac, France",1990
Chateau Lynch-Bages,93 ,"Pauillac, France",1990
Chateau Pichon Longueville Comtesse de Lalande,94 ,"Pauillac, France",1990
Chateau Pichon-Longueville au Baron de Pichon-Longueville,94 ,"Pauillac, France",1990
Chateau Grand-Puy-Lacoste,92 ,"Pauillac, France",1990
Chateau Lafite Rothschild 'Carruades de Lafite',91 ,"Pauillac, France",1990
Chateau Duhart-Milon,91 ,"Pauillac, France",1990
Baron Philippe de Rothschild Chateau d'Armailhac,91 ,"Pauillac, France",1990
Chateau Mouton Rothschild,96 ,"Pauillac, France",1991
Chateau Lafite Rothschild,95 ,"Pauillac, France",1991
Chateau Latour,96 ,"Pauillac, France",1991
Chateau Pontet-Canet,95 ,"Pauillac, France",1991
Chateau Lynch-Bages,93 ,"Pauillac, France",1991
Chateau Pichon Longueville Comtesse de Lalande,94 ,"Pauillac, France",1991
Chateau Pichon-Longueville au Baron de Pichon-Longueville,94 ,"Pauillac, France",1991
Chateau Grand-Puy-Lacoste,92 ,"Pauillac, France",1991
Chateau Lafite Rothschild 'Carruades de Lafite',91 ,"Pauillac, France",1991
Chateau Duhart-Milon,91 ,"Pauillac, France",1991
Baron Philippe de Rothschild Chateau d'Armailhac,91 ,"Pauillac, France",1991
Chateau Mouton Rothschild,96 ,"Pauillac, France",1992
Chateau Lafite Rothschild,95 ,"Pauillac, France",1992
Chateau Latour,96 ,"Pauillac, France",1992
Chateau Pontet-Canet,95 ,"Pauillac, France",1992
Chateau Lynch-Bages,93 ,"Pauillac, France",1992
Chateau Pichon Longueville Comtesse de Lalande,94 ,"Pauillac, France",1992
Chateau Pichon-Longueville au Baron de Pichon-Longueville,94 ,"Pauillac, France",1992
Chateau Grand-Puy-Lacoste,92 ,"Pauillac, France",1992
Chateau Lafite Rothschild 'Carruades de Lafite',91 ,"Pauillac, France",1992
Chateau Duhart-Milon,91 ,"Pauillac, France",1992
Baron Philippe de Rothschild Chateau d'Armailhac,91 ,"Pauillac, France",1992
1993 Chateau Latour,90 ,"Pauillac, France",1993
1993 Chateau Lynch-Bages,88 ,"Pauillac, France",1993
1993 Chateau Pichon-Longueville au Baron de Pichon-Longueville,87 ,"Pauillac, France",1993
Chateau Mouton Rothschild,96 ,"Pauillac, France",1993
Chateau Lafite Rothschild,95 ,"Pauillac, France",1993
Chateau Latour,96 ,"Pauillac, France",1993
Chateau Pontet-Canet,95 ,"Pauillac, France",1993
Chateau Lynch-Bages,93 ,"Pauillac, France",1993
Chateau Pichon Longueville Comtesse de Lalande,94 ,"Pauillac, France",1993
Chateau Pichon-Longueville au Baron de Pichon-Longueville,94 ,"Pauillac, France",1993
Chateau Grand-Puy-Lacoste,92 ,"Pauillac, France",1993
Chateau Lafite Rothschild 'Carruades de Lafite',91 ,"Pauillac, France",1993
Chateau Duhart-Milon,91 ,"Pauillac, France",1993
Baron Philippe de Rothschild Chateau d'Armailhac,91 ,"Pauillac, France",1993
1994 Chateau Lafite Rothschild,89 ,"Pauillac, France",1994
1994 Chateau Grand-Puy-Lacoste,89 ,"Pauillac, France",1994
Chateau Mouton Rothschild,96 ,"Pauillac, France",1994
Chateau Lafite Rothschild,95 ,"Pauillac, France",1994
Chateau Latour,96 ,"Pauillac, France",1994
Chateau Pontet-Canet,95 ,"Pauillac, France",1994
Chateau Lynch-Bages,93 ,"Pauillac, France",1994
Chateau Pichon Longueville Comtesse de Lalande,94 ,"Pauillac, France",1994
Chateau Pichon-Longueville au Baron de Pichon-Longueville,94 ,"Pauillac, France",1994
Chateau Grand-Puy-Lacoste,92 ,"Pauillac, France",1994
Chateau Lafite Rothschild 'Carruades de Lafite',91 ,"Pauillac, France",1994
Chateau Duhart-Milon,91 ,"Pauillac, France",1994
Baron Philippe de Rothschild Chateau d'Armailhac,91 ,"Pauillac, France",1994
1995 Chateau Mouton Rothschild,92 ,"Pauillac, France",1995
1995 Chateau Lafite Rothschild,94 ,"Pauillac, France",1995
1995 Chateau Latour,94 ,"Pauillac, France",1995
1995 Chateau Pontet-Canet,90 ,"Pauillac, France",1995
1995 Chateau Lynch-Bages,91 ,"Pauillac, France",1995
1995 Chateau Pichon Longueville Comtesse de Lalande,93 ,"Pauillac, France",1995
1995 Chateau Pichon-Longueville au Baron de Pichon-Longueville,91 ,"Pauillac, France",1995
1995 Chateau Grand-Puy-Lacoste,92 ,"Pauillac, France",1995
1995 Chateau Lafite Rothschild 'Carruades de Lafite',88 ,"Pauillac, France",1995
1995 Baron Philippe de Rothschild Chateau d'Armailhac,87 ,"Pauillac, France",1995
1995 Chateau Latour 'Les Forts de Latour',89 ,"Pauillac, France",1995
1995 Chateau Clerc-Milon,90 ,"Pauillac, France",1995
1995 Chateau Pichon Longueville Comtesse de Lalande 'Pichon Comtesse Reserve',86 ,"Pauillac, France",1995
1995 Chateau Lynch-Moussas,86 ,"Pauillac, France",1995
1995 Chateau Haut-Bages Liberal,87 ,"Pauillac, France",1995
1995 Chateau Grand-Puy Ducasse,87 ,"Pauillac, France",1995
1995 Chateau Fonbadet,86 ,"Pauillac, France",1995
Chateau Mouton Rothschild,96 ,"Pauillac, France",1995
Chateau Lafite Rothschild,95 ,"Pauillac, France",1995
Chateau Latour,96 ,"Pauillac, France",1995
Chateau Pontet-Canet,95 ,"Pauillac, France",1995
Chateau Lynch-Bages,93 ,"Pauillac, France",1995
Chateau Pichon Longueville Comtesse de Lalande,94 ,"Pauillac, France",1995
Chateau Pichon-Longueville au Baron de Pichon-Longueville,94 ,"Pauillac, France",1995
Chateau Grand-Puy-Lacoste,92 ,"Pauillac, France",1995
Chateau Lafite Rothschild 'Carruades de Lafite',91 ,"Pauillac, France",1995
Chateau Duhart-Milon,91 ,"Pauillac, France",1995
Baron Philippe de Rothschild Chateau d'Armailhac,91 ,"Pauillac, France",1995
1996 Chateau Latour,95 ,"Pauillac, France",1996
Chateau Mouton Rothschild,96 ,"Pauillac, France",1996
Chateau Lafite Rothschild,95 ,"Pauillac, France",1996
Chateau Latour,96 ,"Pauillac, France",1996
Chateau Pontet-Canet,95 ,"Pauillac, France",1996
Chateau Lynch-Bages,93 ,"Pauillac, France",1996
Chateau Pichon Longueville Comtesse de Lalande,94 ,"Pauillac, France",1996
Chateau Pichon-Longueville au Baron de Pichon-Longueville,94 ,"Pauillac, France",1996
Chateau Grand-Puy-Lacoste,92 ,"Pauillac, France",1996
Chateau Lafite Rothschild 'Carruades de Lafite',91 ,"Pauillac, France",1996
Chateau Duhart-Milon,91 ,"Pauillac, France",1996
Baron Philippe de Rothschild Chateau d'Armailhac,91 ,"Pauillac, France",1996
1997 Chateau Mouton Rothschild,90 ,"Pauillac, France",1997
1997 Chateau Lafite Rothschild,92 ,"Pauillac, France",1997
1997 Chateau Latour,90 ,"Pauillac, France",1997
1997 Chateau Lynch-Bages,87 ,"Pauillac, France",1997
1997 Chateau Pichon Longueville Comtesse de Lalande,88 ,"Pauillac, France",1997
1997 Chateau Pichon-Longueville au Baron de Pichon-Longueville,88 ,"Pauillac, France",1997
1997 Chateau Grand-Puy-Lacoste,87 ,"Pauillac, France",1997
1997 Chateau Lafite Rothschild 'Carruades de Lafite',87 ,"Pauillac, France",1997
1997 Chateau Duhart-Milon,87 ,"Pauillac, France",1997
1997 Baron Philippe de Rothschild Chateau d'Armailhac,86 ,"Pauillac, France",1997
1997 Chateau Latour 'Les Forts de Latour',88 ,"Pauillac, France",1997
1997 Chateau Pichon Longueville Comtesse de Lalande 'Pichon Comtesse Reserve',86 ,"Pauillac, France",1997
1997 Le Petit Mouton de Mouton Rothschild,85 ,"Pauillac, France",1997
1997 Chateau Lynch-Moussas,83 ,"Pauillac, France",1997
1997 Chateau La Fleur Peyrabon,85 ,"Pauillac, France",1997
Chateau Mouton Rothschild,96 ,"Pauillac, France",1997
Chateau Lafite Rothschild,95 ,"Pauillac, France",1997
Chateau Latour,96 ,"Pauillac, France",1997
Chateau Pontet-Canet,95 ,"Pauillac, France",1997
Chateau Lynch-Bages,93 ,"Pauillac, France",1997
Chateau Pichon Longueville Comtesse de Lalande,94 ,"Pauillac, France",1997
Chateau Pichon-Longueville au Baron de Pichon-Longueville,94 ,"Pauillac, France",1997
Chateau Grand-Puy-Lacoste,92 ,"Pauillac, France",1997
Chateau Lafite Rothschild 'Carruades de Lafite',91 ,"Pauillac, France",1997
Chateau Duhart-Milon,91 ,"Pauillac, France",1997
Baron Philippe de Rothschild Chateau d'Armailhac,91 ,"Pauillac, France",1997
1998 Chateau Pichon Longueville Comtesse de Lalande,90 ,"Pauillac, France",1998
1998 Chateau Pichon-Longueville au Baron de Pichon-Longueville,91 ,"Pauillac, France",1998
1998 Le Petit Mouton de Mouton Rothschild,86 ,"Pauillac, France",1998
Chateau Mouton Rothschild,96 ,"Pauillac, France",1998
Chateau Lafite Rothschild,95 ,"Pauillac, France",1998
Chateau Latour,96 ,"Pauillac, France",1998
Chateau Pontet-Canet,95 ,"Pauillac, France",1998
Chateau Lynch-Bages,93 ,"Pauillac, France",1998
Chateau Pichon Longueville Comtesse de Lalande,94 ,"Pauillac, France",1998
Chateau Pichon-Longueville au Baron de Pichon-Longueville,94 ,"Pauillac, France",1998
Chateau Grand-Puy-Lacoste,92 ,"Pauillac, France",1998
Chateau Lafite Rothschild 'Carruades de Lafite',91 ,"Pauillac, France",1998
Chateau Duhart-Milon,91 ,"Pauillac, France",1998
Baron Philippe de Rothschild Chateau d'Armailhac,91 ,"Pauillac, France",1998
1999 Chateau Lafite Rothschild,92 ,"Pauillac, France",1999
Chateau Mouton Rothschild,96 ,"Pauillac, France",1999
Chateau Lafite Rothschild,95 ,"Pauillac, France",1999
Chateau Latour,96 ,"Pauillac, France",1999
Chateau Pontet-Canet,95 ,"Pauillac, France",1999
Chateau Lynch-Bages,93 ,"Pauillac, France",1999
Chateau Pichon Longueville Comtesse de Lalande,94 ,"Pauillac, France",1999
Chateau Pichon-Longueville au Baron de Pichon-Longueville,94 ,"Pauillac, France",1999
Chateau Grand-Puy-Lacoste,92 ,"Pauillac, France",1999
Chateau Lafite Rothschild 'Carruades de Lafite',91 ,"Pauillac, France",1999
Chateau Duhart-Milon,91 ,"Pauillac, France",1999
Baron Philippe de Rothschild Chateau d'Armailhac,91 ,"Pauillac, France",1999
2000 Chateau Mouton Rothschild,94 ,"Pauillac, France",2000
2000 Chateau Lafite Rothschild,96 ,"Pauillac, France",2000
2000 Chateau Latour,96 ,"Pauillac, France",2000
2000 Chateau Pontet-Canet,92 ,"Pauillac, France",2000
2000 Chateau Lynch-Bages,93 ,"Pauillac, France",2000
2000 Chateau Pichon Longueville Comtesse de Lalande,93 ,"Pauillac, France",2000
2000 Chateau Pichon-Longueville au Baron de Pichon-Longueville,94 ,"Pauillac, France",2000
2000 Chateau Grand-Puy-Lacoste,92 ,"Pauillac, France",2000
2000 Chateau Lafite Rothschild 'Carruades de Lafite',89 ,"Pauillac, France",2000
2000 Chateau Duhart-Milon,90 ,"Pauillac, France",2000
2000 Baron Philippe de Rothschild Chateau d'Armailhac,89 ,"Pauillac, France",2000
2000 Chateau Latour 'Les Forts de Latour',92 ,"Pauillac, France",2000
2000 Chateau Clerc-Milon,90 ,"Pauillac, France",2000
2000 Chateau Pichon Longueville Comtesse de Lalande 'Pichon Comtesse Reserve',90 ,"Pauillac, France",2000
2000 Chateau Latour Le Pauillac de Latour,88 ,"Pauillac, France",2000
2000 Le Petit Mouton de Mouton Rothschild,88 ,"Pauillac, France",2000
2000 Chateau Lynch-Moussas,87 ,"Pauillac, France",2000
2000 Chateau Haut-Batailley,89 ,"Pauillac, France",2000
2000 Chateau Haut-Bages Liberal,89 ,"Pauillac, France",2000
2000 Chateau Grand-Puy Ducasse,87 ,"Pauillac, France",2000
2000 Chateau Pedesclaux,87 ,"Pauillac, France",2000
2000 Chateau Pichon-Longueville Baron Les Tourelles de Longueville,89 ,"Pauillac,  France",2000
2000 Chateau Grand-Puy-Lacoste 'Lacoste-Borie',87 ,"Pauillac, France",2000
2000 Chateau Croizet-Bages,86 ,"Pauillac, France",2000
2000 Chateau Fonbadet,87 ,"Pauillac, France",2000
2000 Chateau Mouton-Rothschild Vertical Collection,0,"Pauillac, France",2000
2000 Chateau Pontet-Canet 'Les Hauts de Pontet-Canet',88 ,"Pauillac, France",2000
2000 Chateau La Fleur Peyrabon,87 ,"Pauillac, France",2000
2000 Chateau Artigues,0,"Pauillac, France",2000
2000 Baron Philippe de Rothschild Chateau La Fleur Milon,84 ,"Pauillac, France",2000
Chateau Mouton Rothschild,96 ,"Pauillac, France",2000
Chateau Lafite Rothschild,95 ,"Pauillac, France",2000
Chateau Latour,96 ,"Pauillac, France",2000
Chateau Pontet-Canet,95 ,"Pauillac, France",2000
Chateau Lynch-Bages,93 ,"Pauillac, France",2000
Chateau Pichon Longueville Comtesse de Lalande,94 ,"Pauillac, France",2000
Chateau Pichon-Longueville au Baron de Pichon-Longueville,94 ,"Pauillac, France",2000
Chateau Grand-Puy-Lacoste,92 ,"Pauillac, France",2000
Chateau Lafite Rothschild 'Carruades de Lafite',91 ,"Pauillac, France",2000
Chateau Duhart-Milon,91 ,"Pauillac, France",2000
Baron Philippe de Rothschild Chateau d'Armailhac,91 ,"Pauillac, France",2000
2001 Chateau Mouton Rothschild,92 ,"Pauillac, France",2001
2001 Chateau Lafite Rothschild,94 ,"Pauillac, France",2001
2001 Chateau Latour,94 ,"Pauillac, France",2001
2001 Chateau Pontet-Canet,90 ,"Pauillac, France",2001
2001 Chateau Lynch-Bages,90 ,"Pauillac, France",2001
2001 Chateau Pichon Longueville Comtesse de Lalande,92 ,"Pauillac, France",2001
2001 Chateau Pichon-Longueville au Baron de Pichon-Longueville,92 ,"Pauillac, France",2001
2001 Chateau Grand-Puy-Lacoste,89 ,"Pauillac, France",2001
2001 Chateau Lafite Rothschild 'Carruades de Lafite',88 ,"Pauillac, France",2001
2001 Chateau Latour 'Les Forts de Latour',90 ,"Pauillac, France",2001
2001 Chateau Batailley Grand Cru,88 ,"Pauillac, France",2001
2001 Chateau Lynch-Moussas,88 ,"Pauillac, France",2001
2001 Chateau Haut-Bages Liberal,89 ,"Pauillac, France",2001
2001 Chateau La Fleur Peyrabon,89 ,"Pauillac, France",2001
Chateau Mouton Rothschild,96 ,"Pauillac, France",2001
Chateau Lafite Rothschild,95 ,"Pauillac, France",2001
Chateau Latour,96 ,"Pauillac, France",2001
Chateau Pontet-Canet,95 ,"Pauillac, France",2001
Chateau Lynch-Bages,93 ,"Pauillac, France",2001
Chateau Pichon Longueville Comtesse de Lalande,94 ,"Pauillac, France",2001
Chateau Pichon-Longueville au Baron de Pichon-Longueville,94 ,"Pauillac, France",2001
Chateau Grand-Puy-Lacoste,92 ,"Pauillac, France",2001
Chateau Lafite Rothschild 'Carruades de Lafite',91 ,"Pauillac, France",2001
Chateau Duhart-Milon,91 ,"Pauillac, France",2001
Baron Philippe de Rothschild Chateau d'Armailhac,91 ,"Pauillac, France",2001
2002 Chateau Mouton Rothschild,93 ,"Pauillac, France",2002
2002 Chateau Lafite Rothschild,93 ,"Pauillac, France",2002
2002 Chateau Latour,95 ,"Pauillac, France",2002
2002 Chateau Pontet-Canet,90 ,"Pauillac, France",2002
2002 Chateau Lynch-Bages,90 ,"Pauillac, France",2002
2002 Chateau Pichon Longueville Comtesse de Lalande,91 ,"Pauillac, France",2002
2002 Chateau Pichon-Longueville au Baron de Pichon-Longueville,91 ,"Pauillac, France",2002
2002 Chateau Grand-Puy-Lacoste,88 ,"Pauillac, France",2002
2002 Chateau Duhart-Milon,89 ,"Pauillac, France",2002
2002 Baron Philippe de Rothschild Chateau d'Armailhac,87 ,"Pauillac, France",2002
2002 Chateau Latour 'Les Forts de Latour',90 ,"Pauillac, France",2002
2002 Chateau Clerc-Milon,88 ,"Pauillac, France",2002
2002 Chateau Haut-Batailley,87 ,"Pauillac, France",2002
2002 Chateau Grand-Puy Ducasse,87 ,"Pauillac, France",2002
2002 Chateau Pedesclaux,85 ,"Pauillac, France",2002
2002 Chateau La Fleur Peyrabon,87 ,"Pauillac, France",2002
2002 Domaine Iris de Gayon,0,"Pauillac, France",2002
Chateau Mouton Rothschild,96 ,"Pauillac, France",2002
Chateau Lafite Rothschild,95 ,"Pauillac, France",2002
Chateau Latour,96 ,"Pauillac, France",2002
Chateau Pontet-Canet,95 ,"Pauillac, France",2002
Chateau Lynch-Bages,93 ,"Pauillac, France",2002
Chateau Pichon Longueville Comtesse de Lalande,94 ,"Pauillac, France",2002
Chateau Pichon-Longueville au Baron de Pichon-Longueville,94 ,"Pauillac, France",2002
Chateau Grand-Puy-Lacoste,92 ,"Pauillac, France",2002
Chateau Lafite Rothschild 'Carruades de Lafite',91 ,"Pauillac, France",2002
Chateau Duhart-Milon,91 ,"Pauillac, France",2002
Baron Philippe de Rothschild Chateau d'Armailhac,91 ,"Pauillac, France",2002
2003 Chateau Mouton Rothschild,93 ,"Pauillac, France",2003
2003 Chateau Lafite Rothschild,95 ,"Pauillac, France",2003
2003 Chateau Latour,97 ,"Pauillac, France",2003
2003 Chateau Pichon Longueville Comtesse de Lalande,93 ,"Pauillac, France",2003
2003 Chateau Pichon-Longueville au Baron de Pichon-Longueville,93 ,"Pauillac, France",2003
2003 Chateau Grand-Puy-Lacoste,90 ,"Pauillac, France",2003
2003 Chateau Lafite Rothschild 'Carruades de Lafite',90 ,"Pauillac, France",2003
2003 Chateau La Fleur Peyrabon,90 ,"Pauillac, France",2003
Chateau Mouton Rothschild,96 ,"Pauillac, France",2003
Chateau Lafite Rothschild,95 ,"Pauillac, France",2003
Chateau Latour,96 ,"Pauillac, France",2003
Chateau Pontet-Canet,95 ,"Pauillac, France",2003
Chateau Lynch-Bages,93 ,"Pauillac, France",2003
Chateau Pichon Longueville Comtesse de Lalande,94 ,"Pauillac, France",2003
Chateau Pichon-Longueville au Baron de Pichon-Longueville,94 ,"Pauillac, France",2003
Chateau Grand-Puy-Lacoste,92 ,"Pauillac, France",2003
Chateau Lafite Rothschild 'Carruades de Lafite',91 ,"Pauillac, France",2003
Chateau Duhart-Milon,91 ,"Pauillac, France",2003
Baron Philippe de Rothschild Chateau d'Armailhac,91 ,"Pauillac, France",2003
Chateau Mouton Rothschild,96 ,"Pauillac, France",2004
Chateau Lafite Rothschild,95 ,"Pauillac, France",2004
Chateau Latour,96 ,"Pauillac, France",2004
Chateau Pontet-Canet,95 ,"Pauillac, France",2004
Chateau Lynch-Bages,93 ,"Pauillac, France",2004
Chateau Pichon Longueville Comtesse de Lalande,94 ,"Pauillac, France",2004
Chateau Pichon-Longueville au Baron de Pichon-Longueville,94 ,"Pauillac, France",2004
Chateau Grand-Puy-Lacoste,92 ,"Pauillac, France",2004
Chateau Lafite Rothschild 'Carruades de Lafite',91 ,"Pauillac, France",2004
Chateau Duhart-Milon,91 ,"Pauillac, France",2004
Baron Philippe de Rothschild Chateau d'Armailhac,91 ,"Pauillac, France",2004
2005 Chateau Mouton Rothschild,96 ,"Pauillac, France",2005
2005 Chateau Lafite Rothschild,95 ,"Pauillac, France",2005
2005 Chateau Latour,97 ,"Pauillac, France",2005
2005 Chateau Lynch-Bages,93 ,"Pauillac, France",2005
2005 Chateau Pichon Longueville Comtesse de Lalande,93 ,"Pauillac, France",2005
2005 Chateau Grand-Puy-Lacoste,93 ,"Pauillac, France",2005
2005 Chateau Lafite Rothschild 'Carruades de Lafite',90 ,"Pauillac, France",2005
2005 Baron Philippe de Rothschild Chateau d'Armailhac,90 ,"Pauillac, France",2005
2005 Chateau Latour 'Les Forts de Latour',92 ,"Pauillac, France",2005
2005 Chateau Grand-Puy Ducasse,89 ,"Pauillac, France",2005
2005 Chateau Mouton-Rothschild Vertical Collection,0,"Pauillac, France",2005
2005 Chateau La Fleur Peyrabon,88 ,"Pauillac, France",2005
Chateau Mouton Rothschild,96 ,"Pauillac, France",2005
Chateau Lafite Rothschild,95 ,"Pauillac, France",2005
Chateau Latour,96 ,"Pauillac, France",2005
Chateau Pontet-Canet,95 ,"Pauillac, France",2005
Chateau Lynch-Bages,93 ,"Pauillac, France",2005
Chateau Pichon Longueville Comtesse de Lalande,94 ,"Pauillac, France",2005
Chateau Pichon-Longueville au Baron de Pichon-Longueville,94 ,"Pauillac, France",2005
Chateau Grand-Puy-Lacoste,92 ,"Pauillac, France",2005
Chateau Lafite Rothschild 'Carruades de Lafite',91 ,"Pauillac, France",2005
Chateau Duhart-Milon,91 ,"Pauillac, France",2005
Baron Philippe de Rothschild Chateau d'Armailhac,91 ,"Pauillac, France",2005
2006 Chateau Mouton Rothschild,94 ,"Pauillac, France",2006
2006 Chateau Lafite Rothschild,94 ,"Pauillac, France",2006
2006 Chateau Latour,94 ,"Pauillac, France",2006
2006 Chateau Pontet-Canet,93 ,"Pauillac, France",2006
2006 Chateau Lynch-Bages,91 ,"Pauillac, France",2006
2006 Chateau Pichon Longueville Comtesse de Lalande,92 ,"Pauillac, France",2006
2006 Chateau Pichon-Longueville au Baron de Pichon-Longueville,92 ,"Pauillac, France",2006
2006 Chateau Grand-Puy-Lacoste,91 ,"Pauillac, France",2006
2006 Chateau Lafite Rothschild 'Carruades de Lafite',89 ,"Pauillac, France",2006
2006 Chateau Duhart-Milon,89 ,"Pauillac, France",2006
2006 Baron Philippe de Rothschild Chateau d'Armailhac,89 ,"Pauillac, France",2006
2006 Chateau Latour 'Les Forts de Latour',90 ,"Pauillac, France",2006
2006 Chateau Clerc-Milon,90 ,"Pauillac, France",2006
2006 Chateau Batailley Grand Cru,89 ,"Pauillac, France",2006
2006 Le Petit Mouton de Mouton Rothschild,90 ,"Pauillac, France",2006
2006 Chateau Lynch-Moussas,88 ,"Pauillac, France",2006
2006 Chateau Haut-Batailley,89 ,"Pauillac, France",2006
2006 Chateau Haut-Bages Liberal,89 ,"Pauillac, France",2006
2006 Chateau Grand-Puy Ducasse,88 ,"Pauillac, France",2006
2006 Echo de Lynch Bages Chateau Haut-Bages Averous,88 ,"Pauillac, France",2006
2006 Chateau Grand-Puy-Lacoste 'Lacoste-Borie',89 ,"Pauillac, France",2006
2006 Chateau Croizet-Bages,86 ,"Pauillac, France",2006
2006 Chateau Duhart-Milon 'Moulin de Duhart',0,"Pauillac, France",2006
2006 Chateau Fonbadet,87 ,"Pauillac, France",2006
2006 Chateau Pontet-Canet 'Les Hauts de Pontet-Canet',88 ,"Pauillac, France",2006
2006 Chateau La Fleur Peyrabon,87 ,"Pauillac, France",2006
2006 Chateau Colombier-Monpelou,88 ,"Pauillac, France",2006
Chateau Mouton Rothschild,96 ,"Pauillac, France",2006
Chateau Lafite Rothschild,95 ,"Pauillac, France",2006
Chateau Latour,96 ,"Pauillac, France",2006
Chateau Pontet-Canet,95 ,"Pauillac, France",2006
Chateau Lynch-Bages,93 ,"Pauillac, France",2006
Chateau Pichon Longueville Comtesse de Lalande,94 ,"Pauillac, France",2006
Chateau Pichon-Longueville au Baron de Pichon-Longueville,94 ,"Pauillac, France",2006
Chateau Grand-Puy-Lacoste,92 ,"Pauillac, France",2006
Chateau Lafite Rothschild 'Carruades de Lafite',91 ,"Pauillac, France",2006
Chateau Duhart-Milon,91 ,"Pauillac, France",2006
Baron Philippe de Rothschild Chateau d'Armailhac,91 ,"Pauillac, France",2006
2007 Chateau Mouton Rothschild,93 ,"Pauillac, France",2007
2007 Chateau Lafite Rothschild,93 ,"Pauillac, France",2007
2007 Chateau Latour,92 ,"Pauillac, France",2007
2007 Chateau Pontet-Canet,91 ,"Pauillac, France",2007
2007 Chateau Lynch-Bages,90 ,"Pauillac, France",2007
2007 Chateau Pichon Longueville Comtesse de Lalande,90 ,"Pauillac, France",2007
2007 Chateau Pichon-Longueville au Baron de Pichon-Longueville,92 ,"Pauillac, France",2007
2007 Chateau Lafite Rothschild 'Carruades de Lafite',88 ,"Pauillac, France",2007
2007 Chateau Duhart-Milon,89 ,"Pauillac, France",2007
2007 Chateau Latour 'Les Forts de Latour',90 ,"Pauillac, France",2007
2007 Chateau Clerc-Milon,88 ,"Pauillac, France",2007
2007 Chateau Latour Le Pauillac de Latour,87 ,"Pauillac, France",2007
2007 Chateau Haut-Bages Liberal,87 ,"Pauillac, France",2007
2007 Chateau Grand-Puy Ducasse,87 ,"Pauillac, France",2007
2007 Chateau Pedesclaux,87 ,"Pauillac, France",2007
2007 Chateau Croizet-Bages,87 ,"Pauillac, France",2007
2007 Chateau Duhart-Milon 'Moulin de Duhart',0,"Pauillac, France",2007
2007 Chateau La Fleur Peyrabon,87 ,"Pauillac, France",2007
Chateau Mouton Rothschild,96 ,"Pauillac, France",2007
Chateau Lafite Rothschild,95 ,"Pauillac, France",2007
Chateau Latour,96 ,"Pauillac, France",2007
Chateau Pontet-Canet,95 ,"Pauillac, France",2007
Chateau Lynch-Bages,93 ,"Pauillac, France",2007
Chateau Pichon Longueville Comtesse de Lalande,94 ,"Pauillac, France",2007
Chateau Pichon-Longueville au Baron de Pichon-Longueville,94 ,"Pauillac, France",2007
Chateau Grand-Puy-Lacoste,92 ,"Pauillac, France",2007
Chateau Lafite Rothschild 'Carruades de Lafite',91 ,"Pauillac, France",2007
Chateau Duhart-Milon,91 ,"Pauillac, France",2007
Baron Philippe de Rothschild Chateau d'Armailhac,91 ,"Pauillac, France",2007
2008 Chateau Mouton Rothschild,95 ,"Pauillac, France",2008
2008 Chateau Lafite Rothschild,94 ,"Pauillac, France",2008
2008 Chateau Latour,95 ,"Pauillac, France",2008
2008 Chateau Pontet-Canet,92 ,"Pauillac, France",2008
2008 Chateau Lynch-Bages,91 ,"Pauillac, France",2008
2008 Chateau Pichon Longueville Comtesse de Lalande,91 ,"Pauillac, France",2008
2008 Chateau Pichon-Longueville au Baron de Pichon-Longueville,93 ,"Pauillac, France",2008
2008 Chateau Grand-Puy-Lacoste,90 ,"Pauillac, France",2008
2008 Chateau Lafite Rothschild 'Carruades de Lafite',90 ,"Pauillac, France",2008
2008 Chateau Duhart-Milon,91 ,"Pauillac, France",2008
2008 Baron Philippe de Rothschild Chateau d'Armailhac,89 ,"Pauillac, France",2008
2008 Chateau Latour 'Les Forts de Latour',91 ,"Pauillac, France",2008
2008 Chateau Clerc-Milon,90 ,"Pauillac, France",2008
2008 Chateau Batailley Grand Cru,90 ,"Pauillac, France",2008
2008 Chateau Pichon Longueville Comtesse de Lalande 'Pichon Comtesse Reserve',89 ,"Pauillac, France",2008
2008 Chateau Latour Le Pauillac de Latour,88 ,"Pauillac, France",2008
2008 Le Petit Mouton de Mouton Rothschild,90 ,"Pauillac, France",2008
2008 Chateau Haut-Bages Liberal,89 ,"Pauillac, France",2008
2008 Chateau Grand-Puy Ducasse,88 ,"Pauillac, France",2008
2008 Chateau Croizet-Bages,86 ,"Pauillac, France",2008
2008 Chateau Duhart-Milon 'Moulin de Duhart',91 ,"Pauillac, France",2008
2008 Chateau Pontet-Canet 'Les Hauts de Pontet-Canet',88 ,"Pauillac, France",2008
2008 Chateau La Fleur Peyrabon,88 ,"Pauillac, France",2008
Chateau Mouton Rothschild,96 ,"Pauillac, France",2008
Chateau Lafite Rothschild,95 ,"Pauillac, France",2008
Chateau Latour,96 ,"Pauillac, France",2008
Chateau Pontet-Canet,95 ,"Pauillac, France",2008
Chateau Lynch-Bages,93 ,"Pauillac, France",2008
Chateau Pichon Longueville Comtesse de Lalande,94 ,"Pauillac, France",2008
Chateau Pichon-Longueville au Baron de Pichon-Longueville,94 ,"Pauillac, France",2008
Chateau Grand-Puy-Lacoste,92 ,"Pauillac, France",2008
Chateau Lafite Rothschild 'Carruades de Lafite',91 ,"Pauillac, France",2008
Chateau Duhart-Milon,91 ,"Pauillac, France",2008
Baron Philippe de Rothschild Chateau d'Armailhac,91 ,"Pauillac, France",2008
2009 Chateau Mouton Rothschild,97 ,"Pauillac, France",2009
2009 Chateau Lafite Rothschild,96 ,"Pauillac, France",2009
2009 Chateau Latour,97 ,"Pauillac, France",2009
2009 Chateau Pontet-Canet,96 ,"Pauillac, France",2009
2009 Chateau Lynch-Bages,94 ,"Pauillac, France",2009
2009 Chateau Pichon Longueville Comtesse de Lalande,94 ,"Pauillac, France",2009
2009 Chateau Pichon-Longueville au Baron de Pichon-Longueville,95 ,"Pauillac, France",2009
2009 Chateau Lafite Rothschild 'Carruades de Lafite',91 ,"Pauillac, France",2009
2009 Chateau Latour 'Les Forts de Latour',93 ,"Pauillac, France",2009
2009 Le Petit Mouton de Mouton Rothschild,91 ,"Pauillac, France",2009
2009 Chateau La Fleur Peyrabon,88 ,"Pauillac, France",2009
Chateau Mouton Rothschild,96 ,"Pauillac, France",2009
Chateau Lafite Rothschild,95 ,"Pauillac, France",2009
Chateau Latour,96 ,"Pauillac, France",2009
Chateau Pontet-Canet,95 ,"Pauillac, France",2009
Chateau Lynch-Bages,93 ,"Pauillac, France",2009
Chateau Pichon Longueville Comtesse de Lalande,94 ,"Pauillac, France",2009
Chateau Pichon-Longueville au Baron de Pichon-Longueville,94 ,"Pauillac, France",2009
Chateau Grand-Puy-Lacoste,92 ,"Pauillac, France",2009
Chateau Lafite Rothschild 'Carruades de Lafite',91 ,"Pauillac, France",2009
Chateau Duhart-Milon,91 ,"Pauillac, France",2009
Baron Philippe de Rothschild Chateau d'Armailhac,91 ,"Pauillac, France",2009
2010 Chateau Mouton Rothschild,97 ,"Pauillac, France",2010
2010 Chateau Latour,98 ,"Pauillac, France",2010
2010 Chateau Pontet-Canet,96 ,"Pauillac, France",2010
2010 Chateau Lynch-Bages,94 ,"Pauillac, France",2010
2010 Chateau Pichon-Longueville au Baron de Pichon-Longueville,96 ,"Pauillac, France",2010
2010 Chateau Grand-Puy-Lacoste,93 ,"Pauillac, France",2010
2010 Chateau Latour 'Les Forts de Latour',93 ,"Pauillac, France",2010
2010 Chateau Pedesclaux,89 ,"Pauillac, France",2010
Chateau Mouton Rothschild,96 ,"Pauillac, France",2010
Chateau Lafite Rothschild,95 ,"Pauillac, France",2010
Chateau Latour,96 ,"Pauillac, France",2010
Chateau Pontet-Canet,95 ,"Pauillac, France",2010
Chateau Lynch-Bages,93 ,"Pauillac, France",2010
Chateau Pichon Longueville Comtesse de Lalande,94 ,"Pauillac, France",2010
Chateau Pichon-Longueville au Baron de Pichon-Longueville,94 ,"Pauillac, France",2010
Chateau Grand-Puy-Lacoste,92 ,"Pauillac, France",2010
Chateau Lafite Rothschild 'Carruades de Lafite',91 ,"Pauillac, France",2010
Chateau Duhart-Milon,91 ,"Pauillac, France",2010
Baron Philippe de Rothschild Chateau d'Armailhac,91 ,"Pauillac, France",2010
2011 Chateau Mouton Rothschild,94 ,"Pauillac, France",2011
2011 Chateau Pontet-Canet,93 ,"Pauillac, France",2011
2011 Chateau Lynch-Bages,91 ,"Pauillac, France",2011
2011 Chateau Pichon Longueville Comtesse de Lalande,92 ,"Pauillac, France",2011
Chateau Mouton Rothschild,96 ,"Pauillac, France",2011
Chateau Lafite Rothschild,95 ,"Pauillac, France",2011
Chateau Latour,96 ,"Pauillac, France",2011
Chateau Pontet-Canet,95 ,"Pauillac, France",2011
Chateau Lynch-Bages,93 ,"Pauillac, France",2011
Chateau Pichon Longueville Comtesse de Lalande,94 ,"Pauillac, France",2011
Chateau Pichon-Longueville au Baron de Pichon-Longueville,94 ,"Pauillac, France",2011
Chateau Grand-Puy-Lacoste,92 ,"Pauillac, France",2011
Chateau Lafite Rothschild 'Carruades de Lafite',91 ,"Pauillac, France",2011
Chateau Duhart-Milon,91 ,"Pauillac, France",2011
Baron Philippe de Rothschild Chateau d'Armailhac,91 ,"Pauillac, France",2011
2012 Chateau Mouton Rothschild,95 ,"Pauillac, France",2012
2012 Chateau Lafite Rothschild,93 ,"Pauillac, France",2012
2012 Chateau Latour,94 ,"Pauillac, France",2012
2012 Chateau Pontet-Canet,93 ,"Pauillac, France",2012
2012 Chateau Lynch-Bages,91 ,"Pauillac, France",2012
2012 Chateau Pichon Longueville Comtesse de Lalande,92 ,"Pauillac, France",2012
2012 Chateau Pichon-Longueville au Baron de Pichon-Longueville,93 ,"Pauillac, France",2012
2012 Chateau Grand-Puy-Lacoste,91 ,"Pauillac, France",2012
2012 Chateau Lafite Rothschild 'Carruades de Lafite',90 ,"Pauillac, France",2012
2012 Chateau Duhart-Milon,90 ,"Pauillac, France",2012
2012 Baron Philippe de Rothschild Chateau d'Armailhac,90 ,"Pauillac, France",2012
2012 Chateau Latour 'Les Forts de Latour',91 ,"Pauillac, France",2012
2012 Chateau Clerc-Milon,91 ,"Pauillac, France",2012
2012 Chateau Batailley Grand Cru,90 ,"Pauillac, France",2012
2012 Chateau Pichon Longueville Comtesse de Lalande 'Pichon Comtesse Reserve',89 ,"Pauillac, France",2012
2012 Chateau Latour Le Pauillac de Latour,89 ,"Pauillac, France",2012
2012 Le Petit Mouton de Mouton Rothschild,90 ,"Pauillac, France",2012
2012 Chateau Lynch-Moussas,89 ,"Pauillac, France",2012
2012 Chateau Haut-Batailley,90 ,"Pauillac, France",2012
2012 Chateau Haut-Bages Liberal,88 ,"Pauillac, France",2012
2012 Chateau Grand-Puy Ducasse,89 ,"Pauillac, France",2012
2012 Chateau Pedesclaux,88 ,"Pauillac, France",2012
2012 Echo de Lynch Bages Chateau Haut-Bages Averous,87 ,"Pauillac, France",2012
2012 Chateau Grand-Puy-Lacoste 'Lacoste-Borie',87 ,"Pauillac, France",2012
2012 Pastourelle de Clerc Milon,92 ,"Pauillac, France",2012
2012 Chateau Pedesclaux Fleur de Pedesclaux,87 ,"Pauillac, France",2012
2012 Chateau La Fleur Peyrabon,88 ,"Pauillac, France",2012
2012 Chateau Bellegrave,87 ,"Pauillac, France",2012
2012 Chateau la Fleur Haut Carras,90 ,"Pauillac, France",2012
2012 Chateau Behere,0,"Pauillac, France",2012
Chateau Mouton Rothschild,96 ,"Pauillac, France",2012
Chateau Lafite Rothschild,95 ,"Pauillac, France",2012
Chateau Latour,96 ,"Pauillac, France",2012
Chateau Pontet-Canet,95 ,"Pauillac, France",2012
Chateau Lynch-Bages,93 ,"Pauillac, France",2012
Chateau Pichon Longueville Comtesse de Lalande,94 ,"Pauillac, France",2012
Chateau Pichon-Longueville au Baron de Pichon-Longueville,94 ,"Pauillac, France",2012
Chateau Grand-Puy-Lacoste,92 ,"Pauillac, France",2012
Chateau Lafite Rothschild 'Carruades de Lafite',91 ,"Pauillac, France",2012
Chateau Duhart-Milon,91 ,"Pauillac, France",2012
Baron Philippe de Rothschild Chateau d'Armailhac,91 ,"Pauillac, France",2012
2013 Chateau Mouton Rothschild,93 ,"Pauillac, France",2013
2013 Chateau Lafite Rothschild,92 ,"Pauillac, France",2013
2013 Chateau Latour,93 ,"Pauillac, France",2013
2013 Chateau Pontet-Canet,92 ,"Pauillac, France",2013
2013 Chateau Lynch-Bages,89 ,"Pauillac, France",2013
2013 Chateau Pichon Longueville Comtesse de Lalande,90 ,"Pauillac, France",2013
2013 Chateau Pichon-Longueville au Baron de Pichon-Longueville,91 ,"Pauillac, France",2013
2013 Chateau Grand-Puy-Lacoste,89 ,"Pauillac, France",2013
2013 Chateau Lafite Rothschild 'Carruades de Lafite',88 ,"Pauillac, France",2013
2013 Chateau Duhart-Milon,88 ,"Pauillac, France",2013
2013 Baron Philippe de Rothschild Chateau d'Armailhac,89 ,"Pauillac, France",2013
2013 Chateau Latour 'Les Forts de Latour',90 ,"Pauillac, France",2013
2013 Chateau Clerc-Milon,89 ,"Pauillac, France",2013
2013 Chateau Batailley Grand Cru,88 ,"Pauillac, France",2013
2013 Chateau Pichon Longueville Comtesse de Lalande 'Pichon Comtesse Reserve',87 ,"Pauillac, France",2013
2013 Chateau Latour Le Pauillac de Latour,87 ,"Pauillac, France",2013
2013 Le Petit Mouton de Mouton Rothschild,89 ,"Pauillac, France",2013
2013 Chateau Lynch-Moussas,87 ,"Pauillac, France",2013
2013 Chateau Haut-Batailley,88 ,"Pauillac, France",2013
2013 Chateau Haut-Bages Liberal,88 ,"Pauillac, France",2013
2013 Chateau Grand-Puy Ducasse,87 ,"Pauillac, France",2013
2013 Chateau Pedesclaux,88 ,"Pauillac, France",2013
2013 Echo de Lynch Bages Chateau Haut-Bages Averous,85 ,"Pauillac, France",2013
2013 Chateau Pichon-Longueville 'Les Griffons de Pichon Baron',89 ,"Pauillac, France",2013
2013 Chateau Pichon-Longueville Baron Les Tourelles de Longueville,87 ,"Pauillac,  France",2013
2013 Chateau Grand-Puy-Lacoste 'Lacoste-Borie',86 ,"Pauillac, France",2013
2013 Chateau Croizet-Bages,86 ,"Pauillac, France",2013
2013 Chateau Duhart-Milon 'Moulin de Duhart',87 ,"Pauillac, France",2013
2013 Chateau Pibran,88 ,"Pauillac, France",2013
2013 Pastourelle de Clerc Milon,0,"Pauillac, France",2013
2013 Chateau Fonbadet,88 ,"Pauillac, France",2013
2013 Chateau Pedesclaux Fleur de Pedesclaux,89 ,"Pauillac, France",2013
2013 Chateau La Fleur Peyrabon,86 ,"Pauillac, France",2013
2013 Chateau Bellegrave,86 ,"Pauillac, France",2013
2013 Prelude a Grand-Puy Ducasse,86 ,"Pauillac, France",2013
2013 Chateau Haut de La Becade,0,"Pauillac, France",2013
2013 Chateau La Rose Pauillac,0,"Pauillac, France",2013
2013 La Chapelle de Bages,0,"Pauillac, France",2013
2013 Chateau Haut-Pauillac,0,"Pauillac, France",2013
2013 Le Pauilliac - La Chapelle - La Fleur de Haut-Bages Liberal,0,"Pauillac, France",2013
2013 Chateau Tour Sieujean Pauillac,0,France,2013
2013 Chateau Les Landes de Cach,0,"Pauillac, France",2013
2013 Chateau Grand-Puy Ducasse Dauphin,0,"Pauillac, France",2013
2013 Domaine Francois-Xavier Borie FXB Le Pauillac,0,"Bordeaux, France",2013
2013 Chateau Saint Mambert,0,"Pauillac, France",2013
Chateau Mouton Rothschild,96 ,"Pauillac, France",2013
Chateau Lafite Rothschild,95 ,"Pauillac, France",2013
Chateau Latour,96 ,"Pauillac, France",2013
Chateau Pontet-Canet,95 ,"Pauillac, France",2013
Chateau Lynch-Bages,93 ,"Pauillac, France",2013
Chateau Pichon Longueville Comtesse de Lalande,94 ,"Pauillac, France",2013
Chateau Pichon-Longueville au Baron de Pichon-Longueville,94 ,"Pauillac, France",2013
Chateau Grand-Puy-Lacoste,92 ,"Pauillac, France",2013
Chateau Lafite Rothschild 'Carruades de Lafite',91 ,"Pauillac, France",2013
Chateau Duhart-Milon,91 ,"Pauillac, France",2013
Baron Philippe de Rothschild Chateau d'Armailhac,91 ,"Pauillac, France",2013
2014 Chateau Mouton Rothschild,96 ,"Pauillac, France",2014
2014 Chateau Lafite Rothschild,95 ,"Pauillac, France",2014
2014 Chateau Pichon-Longueville au Baron de Pichon-Longueville,94 ,"Pauillac, France",2014
2014 Chateau Latour 'Les Forts de Latour',92 ,"Pauillac, France",2014
2014 Chateau Clerc-Milon,92 ,"Pauillac, France",2014
2014 Chateau Latour Le Pauillac de Latour,89 ,"Pauillac, France",2014
Chateau Mouton Rothschild,96 ,"Pauillac, France",2014
Chateau Lafite Rothschild,95 ,"Pauillac, France",2014
Chateau Latour,96 ,"Pauillac, France",2014
Chateau Pontet-Canet,95 ,"Pauillac, France",2014
Chateau Lynch-Bages,93 ,"Pauillac, France",2014
Chateau Pichon Longueville Comtesse de Lalande,94 ,"Pauillac, France",2014
Chateau Pichon-Longueville au Baron de Pichon-Longueville,94 ,"Pauillac, France",2014
Chateau Grand-Puy-Lacoste,92 ,"Pauillac, France",2014
Chateau Lafite Rothschild 'Carruades de Lafite',91 ,"Pauillac, France",2014
Chateau Duhart-Milon,91 ,"Pauillac, France",2014
Baron Philippe de Rothschild Chateau d'Armailhac,91 ,"Pauillac, France",2014
Chateau Mouton Rothschild,96 ,"Pauillac, France",2015
Chateau Lafite Rothschild,95 ,"Pauillac, France",2015
Chateau Latour,96 ,"Pauillac, France",2015
Chateau Pontet-Canet,95 ,"Pauillac, France",2015
Chateau Lynch-Bages,93 ,"Pauillac, France",2015
Chateau Pichon Longueville Comtesse de Lalande,94 ,"Pauillac, France",2015
Chateau Pichon-Longueville au Baron de Pichon-Longueville,94 ,"Pauillac, France",2015
Chateau Grand-Puy-Lacoste,92 ,"Pauillac, France",2015
Chateau Lafite Rothschild 'Carruades de Lafite',91 ,"Pauillac, France",2015
Chateau Duhart-Milon,91 ,"Pauillac, France",2015
Baron Philippe de Rothschild Chateau d'Armailhac,91 ,"Pauillac, France",2015
2016 Chateau Mouton Rothschild,98 ,"Pauillac, France",2016
2016 Chateau Lafite Rothschild,97 ,"Pauillac, France",2016
2016 Chateau Pontet-Canet,97 ,"Pauillac, France",2016
2016 Chateau Lynch-Bages,95 ,"Pauillac, France",2016
2016 Chateau Pichon Longueville Comtesse de Lalande,97 ,"Pauillac, France",2016
2016 Chateau Pichon-Longueville au Baron de Pichon-Longueville,96 ,"Pauillac, France",2016
2016 Chateau Grand-Puy-Lacoste,94 ,"Pauillac, France",2016
2016 Chateau Lafite Rothschild 'Carruades de Lafite',92 ,"Pauillac, France",2016
2016 Chateau Duhart-Milon,93 ,"Pauillac, France",2016
2016 Baron Philippe de Rothschild Chateau d'Armailhac,92 ,"Pauillac, France",2016
2016 Chateau Latour 'Les Forts de Latour',94 ,"Pauillac, France",2016
2016 Chateau Clerc-Milon,93 ,"Pauillac, France",2016
2016 Chateau Batailley Grand Cru,92 ,"Pauillac, France",2016
2016 Chateau Pichon Longueville Comtesse de Lalande 'Pichon Comtesse Reserve',91 ,"Pauillac, France",2016
2016 Chateau Latour Le Pauillac de Latour,90 ,"Pauillac, France",2016
2016 Le Petit Mouton de Mouton Rothschild,93 ,"Pauillac, France",2016
2016 Chateau Lynch-Moussas,91 ,"Pauillac, France",2016
2016 Chateau Haut-Bages Liberal,91 ,"Pauillac, France",2016
2016 Chateau Grand-Puy Ducasse,91 ,"Pauillac, France",2016
2016 Chateau Pedesclaux,92 ,"Pauillac, France",2016
2016 Echo de Lynch Bages Chateau Haut-Bages Averous,90 ,"Pauillac, France",2016
2016 Chateau Pichon-Longueville 'Les Griffons de Pichon Baron',91 ,"Pauillac, France",2016
2016 Chateau Pichon-Longueville Baron Les Tourelles de Longueville,90 ,"Pauillac,  France",2016
2016 Chateau Grand-Puy-Lacoste 'Lacoste-Borie',89 ,"Pauillac, France",2016
2016 Chateau Croizet-Bages,89 ,"Pauillac, France",2016
2016 Chateau Duhart-Milon 'Moulin de Duhart',89 ,"Pauillac, France",2016
2016 Chateau Pibran,91 ,"Pauillac, France",2016
2016 Chateau Fonbadet,91 ,"Pauillac, France",2016
2016 Chateau Gaudin,0,"Pauillac, France",2016
2016 Chateau Pedesclaux Fleur de Pedesclaux,88 ,"Pauillac, France",2016
2016 Chateau La Fleur Peyrabon,90 ,"Pauillac, France",2016
2016 Domaines Barons de Rothschild Lafite Les Legendes R Pauillac,0,France,2016
2016 Chateau Bellegrave,89 ,"Pauillac, France",2016
2016 Chateau Plantey,88 ,"Pauillac, France",2016
2016 Chateau Haut-Bages Monpelou,89 ,"Pauillac, France",2016
2016 Chateau Pibran 'Tour Pibran',0,"Pauillac, France",2016
2016 Prelude a Grand-Puy Ducasse,90 ,"Pauillac, France",2016
2016 Chateau La Rose Pauillac,84 ,"Pauillac, France",2016
2016 La Chapelle de Bages,91 ,"Pauillac, France",2016
2016 Chateau Dauprat,92 ,"Pauillac, France",2016
2016 Le Pauilliac - La Chapelle - La Fleur de Haut-Bages Liberal,0,"Pauillac, France",2016
2016 Chateau Tour Sieujean Pauillac,89 ,France,2016
2016 Chateau Julia Pauillac,0,"Bordeaux, France",2016
Chateau Mouton Rothschild,96 ,"Pauillac, France",2016
Chateau Lafite Rothschild,95 ,"Pauillac, France",2016
Chateau Latour,96 ,"Pauillac, France",2016
Chateau Pontet-Canet,95 ,"Pauillac, France",2016
Chateau Lynch-Bages,93 ,"Pauillac, France",2016
Chateau Pichon Longueville Comtesse de Lalande,94 ,"Pauillac, France",2016
Chateau Pichon-Longueville au Baron de Pichon-Longueville,94 ,"Pauillac, France",2016
Chateau Grand-Puy-Lacoste,92 ,"Pauillac, France",2016
Chateau Lafite Rothschild 'Carruades de Lafite',91 ,"Pauillac, France",2016
Chateau Duhart-Milon,91 ,"Pauillac, France",2016
Baron Philippe de Rothschild Chateau d'Armailhac,91 ,"Pauillac, France",2016
Chateau Mouton Rothschild,96 ,"Pauillac, France",2017
Chateau Lafite Rothschild,95 ,"Pauillac, France",2017
Chateau Latour,96 ,"Pauillac, France",2017
Chateau Pontet-Canet,95 ,"Pauillac, France",2017
Chateau Lynch-Bages,93 ,"Pauillac, France",2017
Chateau Pichon Longueville Comtesse de Lalande,94 ,"Pauillac, France",2017
Chateau Pichon-Longueville au Baron de Pichon-Longueville,94 ,"Pauillac, France",2017
Chateau Grand-Puy-Lacoste,92 ,"Pauillac, France",2017
Chateau Lafite Rothschild 'Carruades de Lafite',91 ,"Pauillac, France",2017
Chateau Duhart-Milon,91 ,"Pauillac, France",2017
Baron Philippe de Rothschild Chateau d'Armailhac,91 ,"Pauillac, France",2017
2018 Chateau Mouton Rothschild,97 ,"Pauillac, France",2018
2018 Chateau Lafite Rothschild,97 ,"Pauillac, France",2018
2018 Chateau Pontet-Canet,97 ,"Pauillac, France",2018
2018 Chateau Lynch-Bages,95 ,"Pauillac, France",2018
2018 Chateau Pichon Longueville Comtesse de Lalande,96 ,"Pauillac, France",2018
2018 Chateau Pichon-Longueville au Baron de Pichon-Longueville,96 ,"Pauillac, France",2018
2018 Chateau Grand-Puy-Lacoste,93 ,"Pauillac, France",2018
2018 Chateau Lafite Rothschild 'Carruades de Lafite',93 ,"Pauillac, France",2018
2018 Chateau Duhart-Milon,93 ,"Pauillac, France",2018
2018 Baron Philippe de Rothschild Chateau d'Armailhac,92 ,"Pauillac, France",2018
2018 Chateau Clerc-Milon,94 ,"Pauillac, France",2018
2018 Chateau Batailley Grand Cru,93 ,"Pauillac, France",2018
2018 Chateau Pichon Longueville Comtesse de Lalande 'Pichon Comtesse Reserve',91 ,"Pauillac, France",2018
2018 Le Petit Mouton de Mouton Rothschild,93 ,"Pauillac, France",2018
2018 Chateau Lynch-Moussas,91 ,"Pauillac, France",2018
2018 Chateau Haut-Batailley,93 ,"Pauillac, France",2018
2018 Chateau Haut-Bages Liberal,92 ,"Pauillac, France",2018
2018 Chateau Grand-Puy Ducasse,91 ,"Pauillac, France",2018
2018 Chateau Pedesclaux,92 ,"Pauillac, France",2018
2018 Echo de Lynch Bages Chateau Haut-Bages Averous,89 ,"Pauillac, France",2018
2018 Chateau Pichon-Longueville 'Les Griffons de Pichon Baron',91 ,"Pauillac, France",2018
2018 Chateau Grand-Puy-Lacoste 'Lacoste-Borie',89 ,"Pauillac, France",2018
2018 Chateau Croizet-Bages,90 ,"Pauillac, France",2018
2018 Chateau Duhart-Milon 'Moulin de Duhart',89 ,"Pauillac, France",2018
2018 Chateau Pibran,91 ,"Pauillac, France",2018
2018 Chateau Fonbadet,90 ,"Pauillac, France",2018
2018 Chateau Pedesclaux Fleur de Pedesclaux,90 ,"Pauillac, France",2018
2018 Chateau La Fleur Peyrabon,90 ,"Pauillac, France",2018
2018 Domaines Barons de Rothschild Lafite Les Legendes R Pauillac,0,France,2018
2018 Chateau Bellegrave,90 ,"Pauillac, France",2018
2018 Chateau Plantey,89 ,"Pauillac, France",2018
2018 Chateau Haut-Bages Monpelou,89 ,"Pauillac, France",2018
2018 Chateau Haut de La Becade,90 ,"Pauillac, France",2018
2018 La Chapelle de Bages,90 ,"Pauillac, France",2018
2018 Chateau Haut-Batailley Verso,90 ,"Pauillac, France",2018
2018 Chateau Tour Sieujean Pauillac,89 ,France,2018
2018 Chateau Batailley 'Pauillac de Batailley',89 ,"Bordeaux, France",2018
2018 Domaine Les Sadons,88 ,"Pauillac, France",2018
2018 L'Harmonie de Fonbadet,0,"Pauillac, France",2018
2018 Chateau Julia Pauillac,92 ,"Bordeaux, France",2018
2018 Chateau La Fon du Berger,0,"Pauillac, France",2018
Chateau Mouton Rothschild,96 ,"Pauillac, France",2018
Chateau Lafite Rothschild,95 ,"Pauillac, France",2018
Chateau Latour,96 ,"Pauillac, France",2018
Chateau Pontet-Canet,95 ,"Pauillac, France",2018
Chateau Lynch-Bages,93 ,"Pauillac, France",2018
Chateau Pichon Longueville Comtesse de Lalande,94 ,"Pauillac, France",2018
Chateau Pichon-Longueville au Baron de Pichon-Longueville,94 ,"Pauillac, France",2018
Chateau Grand-Puy-Lacoste,92 ,"Pauillac, France",2018
Chateau Lafite Rothschild 'Carruades de Lafite',91 ,"Pauillac, France",2018
Chateau Duhart-Milon,91 ,"Pauillac, France",2018
Baron Philippe de Rothschild Chateau d'Armailhac,91 ,"Pauillac, France",2018
2019 Chateau Mouton Rothschild,98 ,"Pauillac, France",2019
2019 Chateau Lafite Rothschild,97 ,"Pauillac, France",2019
2019 Chateau Pontet-Canet,96 ,"Pauillac, France",2019
2019 Chateau Lynch-Bages,95 ,"Pauillac, France",2019
2019 Chateau Pichon Longueville Comtesse de Lalande,97 ,"Pauillac, France",2019
2019 Chateau Pichon-Longueville au Baron de Pichon-Longueville,96 ,"Pauillac, France",2019
2019 Chateau Grand-Puy-Lacoste,94 ,"Pauillac, France",2019
2019 Chateau Lafite Rothschild 'Carruades de Lafite',92 ,"Pauillac, France",2019
2019 Chateau Duhart-Milon,92 ,"Pauillac, France",2019
2019 Baron Philippe de Rothschild Chateau d'Armailhac,93 ,"Pauillac, France",2019
2019 Chateau Clerc-Milon,94 ,"Pauillac, France",2019
2019 Chateau Batailley Grand Cru,93 ,"Pauillac, France",2019
2019 Chateau Pichon Longueville Comtesse de Lalande 'Pichon Comtesse Reserve',91 ,"Pauillac, France",2019
2019 Le Petit Mouton de Mouton Rothschild,93 ,"Pauillac, France",2019
2019 Chateau Lynch-Moussas,91 ,"Pauillac, France",2019
2019 Chateau Haut-Batailley,93 ,"Pauillac, France",2019
2019 Chateau Haut-Bages Liberal,92 ,"Pauillac, France",2019
2019 Chateau Grand-Puy Ducasse,92 ,"Pauillac, France",2019
2019 Chateau Pedesclaux,93 ,"Pauillac, France",2019
2019 Echo de Lynch Bages Chateau Haut-Bages Averous,92 ,"Pauillac, France",2019
2019 Chateau Grand-Puy-Lacoste 'Lacoste-Borie',89 ,"Pauillac, France",2019
2019 Chateau Croizet-Bages,90 ,"Pauillac, France",2019
2019 Chateau Duhart-Milon 'Moulin de Duhart',88 ,"Pauillac, France",2019
2019 Chateau Fonbadet,92 ,"Pauillac, France",2019
2019 Chateau Pedesclaux Fleur de Pedesclaux,89 ,"Pauillac, France",2019
2019 Chateau La Fleur Peyrabon,89 ,"Pauillac, France",2019
2019 Chateau Bellegrave,89 ,"Pauillac, France",2019
2019 Chateau Haut-Bages Monpelou,88 ,"Pauillac, France",2019
2019 Chateau Haut-Batailley Verso,89 ,"Pauillac, France",2019
2019 Domaine Les Sadons,85 ,"Pauillac, France",2019
2019 Pavillon de la Reine,89 ,"Pauillac, France",2019
2019 Chateau Julia Pauillac,87 ,"Bordeaux, France",2019
Chateau Mouton Rothschild,96 ,"Pauillac, France",2019
Chateau Lafite Rothschild,95 ,"Pauillac, France",2019
Chateau Latour,96 ,"Pauillac, France",2019
Chateau Pontet-Canet,95 ,"Pauillac, France",2019
Chateau Lynch-Bages,93 ,"Pauillac, France",2019
Chateau Pichon Longueville Comtesse de Lalande,94 ,"Pauillac, France",2019
Chateau Pichon-Longueville au Baron de Pichon-Longueville,94 ,"Pauillac, France",2019
Chateau Grand-Puy-Lacoste,92 ,"Pauillac, France",2019
Chateau Lafite Rothschild 'Carruades de Lafite',91 ,"Pauillac, France",2019
Chateau Duhart-Milon,91 ,"Pauillac, France",2019
Baron Philippe de Rothschild Chateau d'Armailhac,91 ,"Pauillac, France",2019
2020 Chateau Mouton Rothschild,97 ,"Pauillac, France",2020
2020 Pastourelle de Clerc Milon,90 ,"Pauillac, France",2020
Chateau Mouton Rothschild,96 ,"Pauillac, France",2020
Chateau Lafite Rothschild,95 ,"Pauillac, France",2020
Chateau Latour,96 ,"Pauillac, France",2020
Chateau Pontet-Canet,95 ,"Pauillac, France",2020
Chateau Lynch-Bages,93 ,"Pauillac, France",2020
Chateau Pichon Longueville Comtesse de Lalande,94 ,"Pauillac, France",2020
Chateau Pichon-Longueville au Baron de Pichon-Longueville,94 ,"Pauillac, France",2020
Chateau Grand-Puy-Lacoste,92 ,"Pauillac, France",2020
Chateau Lafite Rothschild 'Carruades de Lafite',91 ,"Pauillac, France",2020
Chateau Duhart-Milon,91 ,"Pauillac, France",2020
Baron Philippe de Rothschild Chateau d'Armailhac,91 ,"Pauillac, France",2020
2021 Chateau Mouton Rothschild,95 ,"Pauillac, France",2021
2021 Chateau Lafite Rothschild,95 ,"Pauillac, France",2021
2021 Chateau Pontet-Canet,93 ,"Pauillac, France",2021
2021 Chateau Lynch-Bages,94 ,"Pauillac, France",2021
2021 Chateau Pichon Longueville Comtesse de Lalande,94 ,"Pauillac, France",2021
2021 Chateau Pichon-Longueville au Baron de Pichon-Longueville,94 ,"Pauillac, France",2021
2021 Chateau Grand-Puy-Lacoste,92 ,"Pauillac, France",2021
2021 Chateau Lafite Rothschild 'Carruades de Lafite',90 ,"Pauillac, France",2021
2021 Chateau Duhart-Milon,90 ,"Pauillac, France",2021
2021 Baron Philippe de Rothschild Chateau d'Armailhac,90 ,"Pauillac, France",2021
2021 Chateau Clerc-Milon,92 ,"Pauillac, France",2021
2021 Chateau Batailley Grand Cru,91 ,"Pauillac, France",2021
2021 Chateau Pichon Longueville Comtesse de Lalande 'Pichon Comtesse Reserve',89 ,"Pauillac, France",2021
2021 Le Petit Mouton de Mouton Rothschild,90 ,"Pauillac, France",2021
2021 Chateau Lynch-Moussas,89 ,"Pauillac, France",2021
2021 Chateau Haut-Batailley,90 ,"Pauillac, France",2021
2021 Chateau Haut-Bages Liberal,91 ,"Pauillac, France",2021
2021 Chateau Grand-Puy Ducasse,90 ,"Pauillac, France",2021
2021 Chateau Pedesclaux,90 ,"Pauillac, France",2021
2021 Echo de Lynch Bages Chateau Haut-Bages Averous,89 ,"Pauillac, France",2021
2021 Chateau Pichon-Longueville 'Les Griffons de Pichon Baron',89 ,"Pauillac, France",2021
2021 Chateau Pichon-Longueville Baron Les Tourelles de Longueville,87 ,"Pauillac,  France",2021
2021 Chateau Grand-Puy-Lacoste 'Lacoste-Borie',87 ,"Pauillac, France",2021
2021 Chateau Croizet-Bages,88 ,"Pauillac, France",2021
2021 Chateau Duhart-Milon 'Moulin de Duhart',86 ,"Pauillac, France",2021
2021 Chateau Pibran,90 ,"Pauillac, France",2021
2021 Pastourelle de Clerc Milon,87 ,"Pauillac, France",2021
2021 Chateau Fonbadet,87 ,"Pauillac, France",2021
2021 Chateau La Fleur Peyrabon,0,"Pauillac, France",2021
2021 Chateau Bellegrave,87 ,"Pauillac, France",2021
2021 Chateau Grand-Puy-Lacoste Caisse Variation,0,"Pauillac, France",2021
2021 Chateau Julia Pauillac,0,"Bordeaux, France",2021
2021 Chateau Grand-Puy-Lacoste 'Lacoste-Borie' Caisse Variation,0,"Pauillac, France",2021
Chateau Mouton Rothschild,96 ,"Pauillac, France",2021
Chateau Lafite Rothschild,95 ,"Pauillac, France",2021
Chateau Latour,96 ,"Pauillac, France",2021
Chateau Pontet-Canet,95 ,"Pauillac, France",2021
Chateau Lynch-Bages,93 ,"Pauillac, France",2021
Chateau Pichon Longueville Comtesse de Lalande,94 ,"Pauillac, France",2021
Chateau Pichon-Longueville au Baron de Pichon-Longueville,94 ,"Pauillac, France",2021
Chateau Grand-Puy-Lacoste,92 ,"Pauillac, France",2021
Chateau Lafite Rothschild 'Carruades de Lafite',91 ,"Pauillac, France",2021
Chateau Duhart-Milon,91 ,"Pauillac, France",2021
Baron Philippe de Rothschild Chateau d'Armailhac,91 ,"Pauillac, France",2021
